,Sequence
0,QTNPYARGPNPTAASLEASAGPFTVRSFTVSRPSGYGAGTVYYPTNAGGTVGAIAIVPGYTARQSSIKWWGPRLASHGFVVITIDTNSTLDQPSSRSSQQMAALRQVASLNGTSSSPIYGKVDTARMGVMGWSMGGGGSLISAANNPSLKAAAPQAPWDSSTNFSSVTVPTLIFACENDSIAPVNSSALPIYDSMSRNAKQFLEINGGSHSCANSGNSNQALIGKKGVAWMKRFMDNDTRYSTFACENPNSTRVSDFRTANCS
1,ANPYERGPNPTDALLEASSGPFSVSEENVSRLSASGFGGGTIYYPRENNTYGAVAISPGYTGTEASIAWLGERIASHGFVVITIDTITTLDQPDSRAEQLNAALNHMINRASSTVRSRIDSSRLAVMGHSMGGGGTLRLASQRPDLKAAIPLTPWHLNKNWSSVTVPTLIIGADLDTIAPVATHAKPFYNSLPSSISKAYLELDGATHFAPNIPNKIIGKYSVAWLKRFVDNDTRYTQFLCPGPRDGLFGEVEEYRSTCPF
2,QSNPYQRGPNPTRSALTADGPFSVATYTVSRLSVSGFGGGVIYYPTGTSLTFGGIAMSPGYTADASSLAWLGRRLASHGFVVLVINTNSRFDYPDSRASQLSAALNYLRTSSPSAVRARLDANRLAVAGHSMGGGGTLRIAEQNPSLKAAVPLTPWHTDKTFNTSVPVLIVGAEADTVAPVSQHAIPFYQNLPSTTPKVYVELDNASHFAPNSNNAAISVYTISWMKLWVDNDTRYRQFLCNVNDPALSDFRTNNRHCQ
3,QLGRTTRDDLINGNSASCRDVIFIYARGSTETGNLGTLGPSIASNLESAFGKDGVWIQGVGGAYRATLGDNALPRGTSSAAIREMLGLFQQANTKCPDATLIAGGYSQGAALAAASIEDLDSAIRDKIAGTVLFGYTKNLQNRGRIPNYPADRTKVFCNTGDLVCTGSLIVAAPHLAYGPDARGPAPEFLIEKVRAVRGSA
4,QTNPYARGPNPTAASLEASAGPFTVRSFTVSRPSGYGAGTVYYPTNAGGTVGAIAIVPGYTARQSSIKWWGPRLASHGFVVITIDTNSTLDQPSSRSSQQMAALRQVASLNGTSSSPIYGKVDTARMGVMGWSMGGGGSLISAANNPSLKAAAPQAPWDSSTNFSSVTVPTLIFACENDSIAPVNSSALPIYDSMSRNAKQFLEINGGSHSCANSGNSNQALIGKKGVAWMKRFMDNDTRYSTFACENPNSTRVSDFRTANCS
5,ANPYERGPNPTDALLEASSGPFSVSEENVSRLSASGFGGGTIYYPRENNTYGAVAISPGYTGTEASIAWLGERIASHGFVVITIDTITTLDQPDSRAEQLNAALNHMINRASSTVRSRIDSSRLAVMGHSMGGGGTLRLASQRPDLKAAIPLTPWHLNKNWSSVTVPTLIIGADLDTIAPVATHAKPFYNSLPSSISKAYLELDGATHFAPNIPNKIIGKYSVAWLKRFVDNDTRYTQFLCPGPRDGLFGEVEEYRSTCPF
6,QSNPYQRGPNPTRSALTADGPFSVATYTVSRLSVSGFGGGVIYYPTGTSLTFGGIAMSPGYTADASSLAWLGRRLASHGFVVLVINTNSRFDYPDSRASQLSAALNYLRTSSPSAVRARLDANRLAVAGHSMGGGGTLRIAEQNPSLKAAVPLTPWHTDKTFNTSVPVLIVGAEADTVAPVSQHAIPFYQNLPSTTPKVYVELDNASHFAPNSNNAAISVYTISWMKLWVDNDTRYRQFLCNVNDPALSDFRTNNRHCQ
7,QLGRTTRDDLINGNSASCRDVIFIYARGSTETGNLGTLGPSIASNLESAFGKDGVWIQGVGGAYRATLGDNALPRGTSSAAIREMLGLFQQANTKCPDATLIAGGYSQGAALAAASIEDLDSAIRDKIAGTVLFGYTKNLQNRGRIPNYPADRTKVFCNTGDLVCTGSLIVAAPHLAYGPDARGPAPEFLIEKVRAVRGSA
8,QSNPYQRGPNPTRSALTADGPFSVATYTVSRLSVSGFGGGVIYYPTGTSLTFGGIAMSPGYTADASSLAWLGRRLASHGFVVLVINTNSRFDYPDSRASQLSAALNYLRTSSPSAVRARLDANRLAVAGHSMGGGGTLRIAEQNPSLKAAVPLTPWHTDKTFNTSVPVLIVGAEADTVAPVSQHAIPFYQNLPSTTPKVYVELDNASHFAPNSNNAAISVYTISWMKLWVDNDTRYRQFLCNVNDPALSDFRTNNRHCQ
9,MANPYERGPDPTESSIEAVRGPFAVAQTTVSRLQADGFGGGTIYYPTDTSQGTFGAVAISPGFTAGQESIAWLGPRIASQGFVVITIDTITRLDQPDSRGRQLQAALDHLRTNSVVRNRIDPNRMAVMGHSMGGGGALSAAANNTSLEAAIPLQGWHTRKNWSSVRTPTLVVGAQLDTIAPVSSHSEAFYNSLPSDLDKAYMELRGASHLVSNTPDTTTAKYSIAWLKRFVDDDLRYEQFLCPAPDDFAISEYRSTCPF
10,QSNPYQRGPNPTRSALTADGPFSVATYTVSRLSVSGFGGGVIYYPTGTSLTFGGIAMSPGYTADASSLAWLGRRLASHGFVVLVINTNSRFDYPDSRASQLSAALNYLRTSSPSAVRARLDANRLAVAGHSMGGGGTLRIAEQNPSLKAAVPLTPWHTDKTFNTSVPVLIVGAEADTVAPVSQHAIPFYQNLPSTTPKVYVELDNASHFAPNSNNAAISVYTISWMKLWVDNDTRYRQFLCNVNDPALSDFRTNNRHCQ
11,MANPYERGPDPTESSIEAVRGPFAVAQTTVSRLQADGFGGGTIYYPTDTSQGTFGAVAISPGFTAGQESIAWLGPRIASQGFVVITIDTITRLDQPDSRGRQLQAALDHLRTNSVVRNRIDPNRMAVMGHSMGGGGALSAAANNTSLEAAIPLQGWHTRKNWSSVRTPTLVVGAQLDTIAPVSSHSEAFYNSLPSDLDKAYMELRGASHLVSNTPDTTTAKYSIAWLKRFVDDDLRYEQFLCPAPDDFAISEYRSTCPF
12,ENPYERGPDPTESSIEAVRGPFAVAQTTVSRLQADGFGGGTIYYPTDTSQGTFGAVAISPGFTAGQESIAWLGPRIASQGFVVITIDTITRLDQPDSRGRQLQAALDHLRTNSVVRNRIDPNRMAVMGHSMGGGGALSAAANNTSLEAAIPLQGWHTRKNWSSVRTPTLVVGAQLDTIAPVSSHSEAFYNSLPSDLDKAYMELRGASHFVSNTPDTTTAKYSIAWLKRFVDNDLRYEQFLCPAPDDFAISEYRATCPF
13,ANPYERGPNPTDALLEASSGPFSVSEENVSRLSASGFGGGTIYYPRENNTYGAVAISPGYTGTEASIAWLGERIASHGFVVITIDTITTLDQPDSRAEQLNAALNHMINRASSTVRSRIDSSRLAVMGHSMGGGGTLRLASQRPDLKAAIPLTPWHLNKNWSSVTVPTLIIGADLDTIAPVATHAKPFYNSLPSSISKAYLELDGATHFAPNIPNKIIGKYSVAWLKRFVDNDTRYTQFLCPGPRDGLFGEVEEYRSTCPF
14,ANPYERGPNPTDALLEASSGPFSVSEENVSRLSASGFGGGTIYYPRENNTYGAVAISPGYTGTEASIAWLGERIASHGFVVITIDTITTLDQPDSRAEQLNAALNHMINRASSTVRSRIDSSRLAVMGHSMGGGGTLRLASQRPDLKAAIPLTPWHLNKNWSSVTVPTLIIGADLDTIAPVATHAKPFYNSLPSSISKAYLELDGATHFAPNIPNKIIGKYSVAWLKRFVDNDTRYTQFLCPGPRDGLFGEVEEYRSTCPF
15,MTHQIVTTQYGKVKGTTENGVHKWKGIPYAKPPVGQWRFKAPEPPEVWEDVLDATAYGPICPQPSDLLSLSYTELPRQSEDCLYVNVFAPDTPSQNLPVMVWIHGGAFYLGAGSEPLYDGSKLAAQGEVIVVTLNYRLGPFGFLHLSSFNEAYSDNLGLLDQAAALKWVRENISAFGGDPDNVTVFGESAGGMSIAALLAMPAAKGLFQKAIMESGASRTMTKEQAASTSAAFLQVLGINEGQLDKLHTVSAEDSLKAADQLRIAEKENIFQLFFQPALDPKTLPEEPEKAIAEGAASGIPLLIGTTRDEGYLFFTPDSDVHSQETLDAALEYLLGKPLAEKAADLYPRSLESQIHMMTDLLFWRPAVAYASAQSHYAPVWMYRFDWHPKKPPYNKAFHALELPFVFGNLDGLERMAKAEITDEVKQLSHTIQSAWITFAKTGNPSTEAVNWPAYHEETRETLILDSEITIENDPESEKRQKLFPSKGE
16,ANPYERGPNPTDALLEASSGPFSVSEENVSRLSASGFGGGTIYYPRENNTYGAVAISPGYTGTEASIAWLGERIASHGFVVITIDTITTLDQPDSRAEQLNAALNHMINRASSTVRSRIDSSRLAVMGHSMGGGGTLRLASQRPDLKAAIPLTPWHLNKNWSSVTVPTLIIGADLDTIAPVATHAKPFYNSLPSSISKAYLELDGATHFAPNIPNKIIGKYSVAWLKRFVDNDTRYTQFLCPGPRDGLFGEVEEYRSTCPF
17,MANPYERGPNPTDALLEARSGPFSVSEERASRFGADGFGGGTIYYPRENNTYGAVAISPGYTGTQASVAWLGERIASHGFVVITIDTNTTLDQPDSRARQLNAALDYMINDASSAVRSRIDSSRLAVMGHSMGGGGTLRLASQRPDLKAAIPLTPWHLNKNWSSVRVPTLIIGADLDTIAPVLTHARPFYNSLPTSISKAYLELDGATHFAPNIPNKIIGKYSVAWLKRFVDNDTRYTQFLCPGPRDGLFGEVEEYRSTCPF
18,ANPYERGPNPTDALLEASSGPFSVSEENVSRLSASGFGGGTIYYPRENNTYGAVAISPGYTGTEASIAWLGERIASHGFVVITIDTITTLDQPDSRAEQLNAALNHMINRASSTVRSRIDSSRLAVMGHSMGGGGTLRLASQRPDLKAAIPLTPWHLNKNWSSVTVPTLIIGADLDTIAPVATHAKPFYNSLPSSISKAYLELDGATHFAPNIPNKIIGKYSVAWLKRFVDNDTRYTQFLCPGPRDGLFGEVEEYRSTCPF
19,ANPYERGPNPTDALLEARSGPFSVSEENVSRLGASGFGGGTIYYPRENNTYGAVAISPGYTGTQASVAWLGKRIASHGFVVITIDTITTLDQPDSRARQLNAALDYMINDASSAVRSRIDSSRLAVMGHSMGGGGSLRLASQRPDLKAAIPLTPWHLNKNWSSVRVPTLIIGADLDTIAPVLTHARPFYNSLPTSISKAYLELDGATHFAPNIPNKIIGKYSVAWLKRFVDNDTRYTQFLCPGPRDGLFGEVEEYRSTCPF
20,ANPYERGPNPTDALLEASSGPFSVSEENVSRLSASGFGGGTIYYPRENNTYGAVAISPGYTGTEASIAWLGERIASHGFVVITIDTITTLDQPDSRAEQLNAALNHMINRASSTVRSRIDSSRLAVMGHSMGGGGTLRLASQRPDLKAAIPLTPWHLNKNWSSVTVPTLIIGADLDTIAPVATHAKPFYNSLPSSISKAYLELDGATHFAPNIPNKIIGKYSVAWLKRFVDNDTRYTQFLCPGPRDGLFGEVEEYRSTCPF
21,ANPYERGPNPTDALLEASSGPFSVSEENVSRLSASGFGGGTIYYPRENNTYGAVAISPGYTGTEASIAWLGERIASHGFVVITIDTITTLDQPDSRAEQLNAALNHMINRASSTVRSRIDSSRLAVMGHSMGGGGTLRLASQRPDLKAAIPLTPWHLNKNWSSVTVPTLIIGADLDTIAPVATHAKPFYNSLPSSISKAYLELDGATHFAPNIPNKIIGKYSVAWLKRFVDNDTRYTQFLCPGPRDGLFGEVEEYRSTCPF
22,MANPYERGPNPTDALLEARSGPFSVSEERASRFGADGFGGGTIYYPRENNTYGAVAISPGYTGTQASVAWLGERIASHGFVVITIDTNTTLDQPDSRARQLNAALDYMINDASSAVRSRIDSSRLAVMGHSMGGGGTLRLASQRPDLKAAIPLTPWHLNKNWSSVRVPTLIIGADLDTIAPVLTHARPFYNSLPTSISKAYLELDGATHFAPNIPNKIIGKYSVAWLKRFVDNDTRYTQFLCPGPRDGLFGEVEEYRSTCPF
23,CPDAILIFARGSTEPGNMGITVGPALANGLESHIRNIWIQGVGGPYDAALATNFLPRGTSQANIDEGKRLFALANQKCPNTPVVAGGYSQGAALIAAAVSELSGAVKEQVKGVALFGYTQNLQNRGGIPNYPRERTKVFCNVGDAVCTGTLIITPAHLSYTIEARGEAARFLRDRIRA
24,QLGRTTRDDLINGNSASCRDVIFIYARGSTETGNLGTLGPSIASNLESAFGKDGVWIQGVGGAYRATLGDNALPRGTSSAAIREMLGLFQQANTKCPDATLIAGGYSQGAALAAASIEDLDSAIRDKIAGTVLFGYTKNLQNRGRIPNYPADRTKVFCNTGDLVCTGSLIVAAPHLAYGPDARGPAPEFLIEKVRAVRGSA
25,APLPDTPGAPFPAVANFDRSGPYATSNQSEGPSCRIYRPSNLGQGGVRHPVILWGNGTGTGPSTYAGLLSHWASHGFVVAAAETSNAGTGREMLACLDYLVRENDNPYGTYAGKLNTGRVGTSGHSQGGGGSIMAGQDTRVRTTAPIQPYTIGLGHDSASQRRQQGPMFLMSGGGDTIAIPYLNAQPVYLRANVPVFWGERRYVSHFEPVGDGGAYRGPSTAWFRFQLMDDQSARGTFYGTLCSLCSSLLWSVERRGF
26,CPDAILIFARGSTEPGNMGITVGPALANGLESHIRNIWIQGVGGPYDAALATNFLPRGTSQANIDEGKRLFALANQKCPNTPVVAGGYSQGAALIAAAVSELSGAVKEQVKGVALFGYTQNLQNRGGIPNYPRERTKVFCNVGDAVCTGTLIITPAHLSYTIEARGEAARFLRDRIRA
27,QLGRTTRDDLINGNSASCRDVIFIYARGSTETGNLGTLGPSIASNLESAFGKDGVWIQGVGGAYRATLGDNALPRGTSSAAIREMLGLFQQANTKCPDATLIAGGYSQGAALAAASIEDLDSAIRDKIAGTVLFGYTKNLQNRGRIPNYPADRTKVFCNTGDLVCTGSLIVAAPHLAYGPDARGPAPEFLIEKVRAVRGSA
28,APLPDTPGAPFPAVANFDRSGPYATSNQSEGPSCRIYRPSNLGQGGVRHPVILWGNGTGTGPSTYAGLLSHWASHGFVVAAAETSNAGTGREMLACLDYLVRENDNPYGTYAGKLNTGRVGTSGHSQGGGGSIMAGQDTRVRTTAPIQPYTIGLGHDSASQRRQQGPMFLMSGGGDTIAIPYLNAQPVYLRANVPVFWGERRYVSHFEPVGDGGAYRGPSTAWFRFQLMDDQSARGTFYGTLCSLCSSLLWSVERRGF
29,QSNPYQRGPNPTRSALTTDGPFSVATYSVSRLSVSGFGGGVIYYPTGTTLTFGGIAMSPGYTADASSLAWLGRRLASHGFVVIVINTNSRLDFPDSRASQLSAALNYLRTSSPSAVRARLDANRLAVAGHSMGGGATLRISEQIPTLKAGVPLTPWHTDKTFNTPVPQLIVGAEADTVAPVSQHAIPFYQNLPSTTPKVYVELDNATHFAPNSPNAAISVYTISWMKLWVDNDTRYRQFLCNVNDPALSDFRSNNRHCQ
30,QSNPYQRGPNPTRSALTADGPFSVATYTVSRLSVSGFGGGVIYYPTGTSLTFGGIAMSPGYTADASSLAWLGRRLASHGFVVLVINTNSRFDYPDSRASQLSAALNYLRTSSPSAVRARLDANRLAVAGHSMGGGGTLRIAEQNPSLKAAVPLTPWHTDKTFNTSVPVLIVGAEADTVAPVSQHAIPFYQNLPSTTPKVYVELDNASHFAPNSNNAAISVYTISWMKLWVDNDTRYRQFLCNVNDPALSDFRTNNRHCQ
31,QTNPYARGPNPTAASLEASAGPFTVRSFTVSRPSGYGAGTVYYPTNAGGTVGAIAIVPGYTARQSSIKWWGPRLASHGFVVITIDTNSTLDQPSSRSSQQMAALRQVASLNGTSSSPIYGKVDTARMGVMGWSMGGGGSLISAANNPSLKAAAPQAPWDSSTNFSSVTVPTLIFACENDSIAPVNSSALPIYDSMSRNAKQFLEINGGSHSCANSGNSNQALIGKKGVAWMKRFMDNDTRYSTFACENPNSTRVSDFRTANCS
32,MEIVIRTGSGDVRGSKENGIAVFRGIPYAEPPVGAHRFTAPRPPRPWDGVRDATEFSATAPRPPYPEAIGALLIERFIPGDDYLTLNVWTPDPNAVGLPVMVWIHGGAFTNGSGSEPVYDGAAFARDGVVFVSFNYRLGIIGFADLPDAPSNRGLLDQIAALEWVRDNIARFGGDPGNVTVFGESAGAMSVCTLMATPRARGLFRRAILQSGAGNMAVAAEDATTIAAVIAHRLGVEPTAAALAHVPVAQLLDVQQQVAQEIQGAPDPAVWGERIAGGSVLLPFAPVIDGELLSQRPAEAIAGGAGHDVDLLFGTTTDEYRLFLAPTGLLPFITSDYVTAHLAKSGLDADAAKAYTAEGRGEEPGDILASIITDQVFRIPALRIAESRVDAPARTFGYEFAWRTPQLDGILGACHAVELPFVFRTLDRAASLVGTNPPEELAETVHNAWVRFATSGDPGWPAWNPETRSVMRFDHPVSEMVTDPYPATRALWDGVPL
33,MANPYERGPNPTNSSIEALRGPFRVDEERVSRLQARGFGGGTIYYPTDNNTFGAVAISPGYTGTQSSISWLGERLASHGFVVMTIDTNTTLDQPDSRASQLDAALDYMVEDSSYSVRNRIDSSRLAAMGHSMGGGGTLRLAERRPDLQAAIPLTPWHTDKTWGSVRVPTLIIGAENDTIASVRSHSEPFYNSLPGSLDKAYLELDGASHFAPNLSNTTIAKYSISWLKRFVDDDTRYTQFLCPGPSTGWGSDVEEYRSTCPF
34,MANPYERGPNPTDALLEASSGPFSVSEENVSRLSASGFGGGTIYYPRENNTYGAVAISPGYTGTEASIAWLGGRIASHGFVVITIDTITTLDQPDSRAEQLNAALNHMINRASSTVRSRIDSSRLAVMGHSMGGGGTPRLASQRPDLKAAIPLTPWHLNKNRSSVTVPTLIIGADLDTIAPVATHAKPFYNSLPSSISKAYLELDGATHFAPNIPNKIIGKYSVAWLKRFVDNDTRYTQFLCPGPRDGLFGEVEEYCSTCPF
35,CPDAILIFARGSTEPGNMGITVGPALANGLESHIRNIWIQGVGGPYDAALATNFLPRGTSQANIDEGKRLFALANQKCPNTPVVAGGYSQGAALIAAAVSELSGAVKEQVKGVALFGYTQNLQNRGGIPNYPRERTKVFCNVGDAVCTGTLIITPAHLSYTIEARGEAARFLRDRIRA
36,AANPYQRGPDPTESLLRAARGPFAVSEQSVSRLSVSGFGGGRIYYPTTTSQGTFGAIAISPGFTASWSSLAWLGPRLASHGFVVIGIETNTRLDQPDSRGRQLLAALDYLTQRSSVRNRVDASRLAVAGHSMGGGGTLEAAKSRTSLKAAIPIAPWNLDKTWPEVRTPTLIIGGELDSIAPVATHSIPFYNSLTNAREKAYLELNNASHFFPQFSNDTMAKFMISWMKRFIDDDTRYDQFLCPPPRAIGDISDYRDTCPHT
37,MAANPYQRGPNPTEASITAARGPFNTAEITVSRLSVSGFGGGKIYYPTTTSEGTFGAIAISPGFTAYWSSLEWLGHRLASQGFVVIGIETNTTLDQPDQRGQQLLAALDYLTQRSAVRDRVDASRLAVAGHSMGGGGSLEAAKARTSLKAAIPLAPWNLDKTWPEVRTPTLIIGGELDAVAPVATHSIPFYNSLSNAPEKAYLELDNASHFFPNITNTQMAKYMIAWMKRFIDDDTRYTQFLCPPPSTGLLSDFSDARFTCPM
38,NNPAPTDPGDSGGGSAYQRGPDPSVSFLEADRGQYSVRSSRVSSLVSGFGGGTIYYPTGTTGTMGAVVVIPGFVSAESSIDWWGPKLASYGFVVMTIDTNTGFDQPPSRARQINNALDYLVSQNSRSSSPVRGMIDTNRLGVIGWSMGGGGTLRVASEGRIKAAIPLAPWDTTSYYASRSQAPTLIFACESDVIAPVLQHASPFYNSLPSSIDKAFVEINGGSHYCGNGGSIYNDVLSRFGVSWMKLHLDEDSRYKQFLCGPNHTSDSQISDYRGNCPY
39,NNPAPTDPGDSGGGSAYQRGPDPSVSFLEADRGQYSVRSSRVSSLVSGFGGGTIYYPTGTTGTMGAVVVIPGFVSAESSIDWWGPKLASYGFVVMTIDTNTGFDQPPSRARQINNALDYLVSQNSRSSSPVRGMIDTNRLGVIGWSMGGGGTLRVASEGRIKAAIPLAPWDTTSYYASRSQAPTLIFACESDVIAPVLQHASPFYNSLPSSIDKAFVEINGGSHYCGNGGSIYNDVLSRFGVSWMKLHLDEDSRYKQFLCGPNHTSDSQISDYRGNCPY
40,ANPPGGDPDPGCQTDCNYQRGPDPTDAYLEAASGPYTVSTIRVSSLVPGFGGGTIHYPTNAGGGKMAGIVVIPGYLSFESSIEWWGPRLASHGFVVMTIDTNTIYDQPSQRRDQIEAALQYLVNQSNSSSSPISGMVDSSRLAAVGWSMGGGGTLQLAADGGIKAAIALAPWNSSINDFNRIQVPTLIFACQLDAIAPVALHASPFYNRIPNTTPKAFFEMTGGDHWCANGGNIYSALLGKYGVSWMKLHLDQDTRYAPFLCGPNHAAQTLISEYRGNCPY
41,ANPPGGDPDPGCQTDCNYQRGPDPTDAYLEAASGPYTVSTIRVSSLVPGFGGGTIHYPTNAGGGKMAGIVVIPGYLSFESSIEWWGPRLASHGFVVMTIDTNTIYDQPSQRRDQIEAALQYLVNQSNSSSSPISGMVDSSRLAAVGWSMGGGGTLQLAADGGIKAAIALAPWNSSINDFNRIQVPTLIFACQLDAIAPVALHASPFYNRIPNTTPKAFFEMTGGDHWCANGGNIYSALLGKYGVSWMKLHLDQDTRYAPFLCGPNHAAQTLISEYRGNCPY
42,MGSSHHHHHHSSGLVPRGSHMMVPCSDCSNGFERGQVPRVDQLESSRGPYSVKTINVSRLARGFGGGTIHYSTESGGQQGIIAVVPGYVSYESSIQWWGPRLASWGFTVITINTNTIYDQPDNRAGQLSAAIDYVIDKSKDRTSPIYGLVDPNRVGVIGWSMGGGGSLKLATDRKIDAVIPQAPWYLGLNRFSTITSPTMIIACQADAVAPVSVHASRFYNQIPRTTPKAYFEIALGSHFCANTGYPSEDILGRNGVAWMKRFIDKDERYTQFLCGQNFDSSLRVSEYRDNCSYY
43,QTNPYQRGPDPTTRDLEDSRGPFRYASTNVRSPSGYGAGTIYYPTDVSGSVGAVAVVPGYLARQSSIRWWGPRLASHGFVVITLDTRSTSDQPASRSAQQMAALRQVVALSETRSSPIYGKVDPNRLAVMGWSMGGGGTLISARDNPSLKAAVPFAPWHNTANFSGVQVPTLVIACENDTVAPISRHASSFYNSFSSSLAKAYLEINNGSHTCANTGNSNQALIGKYGVAWIKRFVDNDTRYSPFLCGAPHQADLRSSRLSEYRESCPY
44,WTPSPTPNPDPIPDPTPCQDDCDFTRGPNPTPSSLEASTGPYSVATRSVASSVSGFGGGTLHYPTNTTGTMGAIAVVPGFLLQESSIDFWGPKLASHGFVVITISANSGFDQPASRATQLGRALDYVINQSNGSNSPISGMVDTTRLGVVGWSMGGGGALQLASGDRLSAAIPIAPWNQGGNRFDQIETPTLVIACENDVVASVNSHASPFYNRIPSTTDKAYLEINGGSHFCANDGGSIGGLLGKYGVSWMKRFIDNDLRYDAFLCGPDHAANRSVSEYRDTCNY
45,QSNPYQRGPNPTRSALTADGPFSVATYTVSRLSVSGFGGGVIYYPTGTSLTFGGIAMSPGYTADASSLAWLGRRLASHGFVVLVINTNSRFDYPDSRASQLSAALNYLRTSSPSAVRARLDANRLAVAGHSMGGGGTLRIAEQNPSLKAAVPLTPWHTDKTFNTSVPVLIVGAEADTVAPVSQHAIPFYQNLPSTTPKVYVELDNASHFAPNSNNAAISVYTISWMKLWVDNDTRYRQFLCNVNDPALSDFRTNNRHCQ
46,QSNPYQRGPNPTRSALTADGPFSVATYTVSRLSVSGFGGGVIYYPTGTSLTFGGIAMSPGYTADASSLAWLGRRLASHGFVVLVINTNSRFDYPDSRASQLSAALNYLRTSSPSAVRARLDANRLAVAGHSMGGGGTLRIAEQNPSLKAAVPLTPWHTDKTFNTSVPVLIVGAEADTVAPVSQHAIPFYQNLPSTTPKVYVELDNASHFAPNSNNAAISVYTISWMKLWVDNDTRYRQFLCNVNDPALSDFRTNNRHCQ
52,QTNPYARGPNPTAASLEASAGPFTVRSFTVSRPSGYGAGTVYYPTNAGGTVGAIAIVPGYTARQSSIKWWGPRLASHGFVVITIDTNSTLDQPSSRSSQQMAALRQVASLNGTSSSPIYGKVDTARMGVMGWSMGGGGSLISAANNPSLKAAAPQAPWDSSTNFSSVTVPTLIFACENDSIAPVNSSALPIYDSMSRNAKQFLEINGGSHSCANSGNSNQALIGKKGVAWMKRFMDNDTRYSTFACENPNSTRVSDFRTANCS
53,ANPYERGPNPTDALLEASSGPFSVSEENVSRLSASGFGGGTIYYPRENNTYGAVAISPGYTGTEASIAWLGERIASHGFVVITIDTITTLDQPDSRAEQLNAALNHMINRASSTVRSRIDSSRLAVMGHSMGGGGTLRLASQRPDLKAAIPLTPWHLNKNWSSVTVPTLIIGADLDTIAPVATHAKPFYNSLPSSISKAYLELDGATHFAPNIPNKIIGKYSVAWLKRFVDNDTRYTQFLCPGPRDGLFGEVEEYRSTCPF
54,ANPYERGPNPTDALLEASSGPFSVSEENVSRLSASGFGGGTIYYPRENNTYGAVAISPGYTGTEASIAWLGERIASHGFVVITIDTITTLDQPDSRAEQLNAALNHMINRASSTVRSRIDSSRLAVMGHSMGGGGTLRLASQRPDLKAAIPLTPWHLNKNWSSVTVPTLIIGADLDTIAPVATHAKPFYNSLPSSISKAYLELDGATHFAPNIPNKIIGKYSVAWLKRFVDNDTRYTQFLCPGPRDGLFGEVEEYRSTCPF
55,MCLYLNIWTPDLNGSLPVMVFIHGGGNQQGSTAQIAGGARIYEGKNLARRGQVVVVTLQYRLGALGYLVHPGLEAESTHGKAGNYGALDQLAALLWIKENIRAFGGDPELVTLFGESAGAVNIGNLLVMPAAKGLFHRAILQSGSPRLKAYSAARNEGIAFAQKLGAAGTPEQQVAHLRTLPVDSLVKGDSNPISGGSMAQGSWQPVLDGYWFPQAPLDAMRSGEHHRVPLIVGSSSDEMSLYVPSVVTPLMLQTFVQTTIPAPYRQQVLALYPPGTTNEQARASYVALVGDPLESTCRHAS
56,MQSPAQSSAPTVELDSGAIAGSTADGVVSFKGIPYAAPPVGNLRWRAPQPVASWTGVRAATEYGYDCIQLPLEGDAAASGGEMSEDCLVLNVWRPAEIAPGERLPVLVWIHGGGFLNGSAAAPIYDGTAFAQQGLVVVSFNYRLGRLGFFAHPALTAANEGPLGNYGLMDQIAALEWVQRNIAAFGGDPARITLMGQSAGGISVMYHLTAPESQGLFHQAAVLSGGGRTYLLGLRNLRESTDALPSAEQSGLAFGRRFGIRGRGRAALRSLRSLSAEEVNGDLSMAALVEKPADYAG
57,MQSPAQSSAPTVELDSGAIAGSTADGVVSFKGIPYAAPPVGNLRWRAPQPVASWTGVRAATEYGYDCIQLPLEGDAAASGGEMSEDCLVLNVWRPAEIAPGERLPVLVWIHGGGFLNGSAAAPIYDGTAFAQQGLVVVSFNYRLGRLGFFAHPALTAANEGPLGNYGLMDQIAALEWVQRNIAAFGGDPARITLMGQSAGGISVMYHLTAPESQGLFHQAAVLSGGGRTYLLGLRNLRESTDALPSAEQSGLAFGRRFGIRGRGRAALRSLRSLSAEEVNGDLSMAALVEKPADYAG
58,MVDITGNGMAATAPTDERIVDKPLPQPQIRSGNVRAMPAARKLAQEHGIDLSTLTGSGPGGVIVKEDVERAITARAVPVSPLQRVNFYSAGYRLDGLLYTPRHLPAGERRPGVVLLVGYTYLKTMVMPDIAKVLNAAGYVALVFDYRGFGESEGPRGRLIPLEQVADARAALTFLAEQSMVDPDRLAVIGISLGGAHAITTAALDQRVRAVVALEPPGHGARWLRSLRRHWEWRQFLSRLAEDRRQRVLSGGSTMVDPLEIVLPDPESQAFLDQVAAEFPQMKVTLPLESAEALIEYVSEDLAGRIAPRPLLIIHSDADQLVPVAEAQAIAERAGSSAQLEIIPGMSHFNWVMPGSPGFTRVTDSIVKFLRNTLPVSADN
59,MVDITGNGMAATAPTDERIVDKPLPQPQIRSGNVRAMPAARKLAQEHGIDLSTLTGSGPGGVIVKEDVERAITARAVPVSPLQRVNFYSAGYRLDGLLYTPRHLPAGERRPGVVLLVGYTYLKTMVMPDIAKVLNAAGYVALVFDYRGFGESEGPRGRLIPLEQVADARAALTFLAEQSMVDPDRLAVIGISLGGAHAITTAALDQRVRAVVALEPPGHGARWLRSLRRHWEWRQFLSRLAEDRRQRVLSGGSTMVDPLEIVLPDPESQAFLDQVAAEFPQMKVTLPLESAEALIEYVSEDLAGRIAPRPLLIIHSDADQLVPVAEAQAIAERAGSSAQLEIIPGMSHFNWVMPGSPGFTRVTDSIVKFLRNTLPVSADN
60,MVPSAGVGLSGVLHLPAGVSRPVLFLHGFTGNKTESGRLYTDMARVLCSAGYAALRFDFRGHGDSPLPFEEFRISLAVEDARNAAGFLKNVPEVDGTRFGVVGLSMGGGVAVSLAAGREDVGALVLLSPALDWPELFQRARGFFRAEEGYVYWGPHRMRDVYAMETMNFSVMGLAEEIQAPTLIIHSVDDMVVPISQAKRFYEKLKVEKKFIEIEHGGHVFDDYNVRRRIEQEVLDWVKRHL
61,MVPSAGVGLSGVLHLPAGVSRPVLFLHGFTGNKTESGRLYTDMARVLCSAGYAALRFDFRGHGDSPLPFEEFRISLAVEDARNAAGFLKNVPEVDGTRFGVVGLSMGGGVAVSLAAGREDVGALVLLSPALDWPELFQRARGFFRAEEGYVYWGPHRMRDVYAMETMNFSVMGLAEEIQAPTLIIHSVDDMVVPISQAKRFYEKLKVEKKFIEIEHGGHVFDDYNVRRRIEQEVLDWVKRHL
62,MVPSAGVGLSGVLHLPAGVSRPVLFLHGFTGNKTESGRLYTDMARVLCSAGYAALRFDFRGHGDSPLPFEEFRISLAVEDARNAAGFLKNVPEVDGTRFGVVGLSMGGGVAVSLAAGREDVGALVLLSPALDWPELFQRARGFFRAEEGYVYWGPHRMRDVYAMETMNFSVMGLAEEIQAPTLIIHSVDDMVVPISQAKRFYEKLKVEKKFIEIEHGGHVFDDYNVRRRIEQEVLDWVKRHL
63,MLIRPVTFRNMNQQIIGILHTPDNIRLNEKVPGILMFHGFTGNKTEAHRLFVHVARSLSEHGFIVLRFDFRGSGDSDGEFEDMTLPGEVSDAERALTFLLRQRNVDKNRIGVIGLSMGGRVAAILASKDRRVKFAVLYSPALGPLRDRSLSFMSKEKIERLNSGEAVEFFAEGWYIKKAFFETVDYIVPLDIMDSIKVPVLIVHGDKDPLIPVGEAIRAYEKIKGVNEKNELYIVRGGDHTFSKKEHTLEVIKKTLDWIRSLGI
64,MLIRPVTFRNMNQQIIGILHTPDNIRLNEKVPGILMFHGFTGNKTEAHRLFVHVARSLSEHGFIVLRFDFRGSGDSDGEFEDMTLPGEVSDAERALTFLLRQRNVDKNRIGVIGLSMGGRVAAILASKDRRVKFAVLYSPALGPLRDRSLSFMSKEKIERLNSGEAVEFFAEGWYIKKAFFETVDYIVPLDIMDSIKVPVLIVHGDKDPLIPVGEAIRAYEKIKGVNEKNELYIVRGGDHTFSKKEHTLEVIKKTLDWIRSLGI
65,MLIRPVTFRNMNQQIIGILHTPDNIRLNEKVPGILMFHGFTGNKTEAHRLFVHVARSLSEHGFIVLRFDFRGSGDSDGEFEDMTLPGEVSDAERALTFLLRQRNVDKNRIGVIGLSMGGRVAAILASKDRRVKFAVLYSPALGPLRDRSLSFMSKEKIERLNSGEAVEFFAEGWYIKKAFFETVDYIVPLDIMDSIKVPVLIVHGDKDPLIPVGEAIRAYEKIKGVNEKNELYIVRGGDHTFSKKEHTLEVIKKTLDWIRSLGI
66,MARAAPISPLQRVNFYSAGYRLDGLLYTPRHLPAGERRPGVVLLVGYTYLKTMVMPDIAKVLNAAGYVALVFDYRGFGESEGPRGRLIPLEQVADARAALTFLAEQSMVDPDRLAVIGISLGGAHAITTAALDQRVRAVVAIEPPGHGAHWLRSLRRHWEWSQFLSRLTEDRRQRVLSGVSSTVDPLEIVLPDPESQAFLDQVAAEFPQMKVTLPLESAEALIEYVPEDLAGRIAPRPLL
67,MARAAPISPLQRVNFYSAGYRLDGLLYTPRHLPAGERRPGVVLLVGYTYLKTMVMPDIAKVLNAAGYVALVFDYRGFGESEGPRGRLIPLEQVADARAALTFLAEQSMVDPDRLAVIGISLGGAHAITTAALDQRVRAVVAIEPPGHGAHWLRSLRRHWEWSQFLSRLTEDRRQRVLSGVSSTVDPLEIVLPDPESQAFLDQVAAEFPQMKVTLPLESAEALIEYVPEDLAGRIAPRPLL
68,MARAAPISPLQRVNFYSAGYRLDGLLYTPRHLPAGERRPGVVLLVGYTYLKTMVMPDIAKVLNAAGYVALVFDYRGFGESEGPRGRLIPLEQVADARAALTFLAEQSMVDPDRLAVIGISLGGAHAITTAALDQRVRAVVAIEPPGHGAHWLRSLRRHWEWSQFLSRLTEDRRQRVLSGVSSTVDPLEIVLPDPESQAFLDQVAAEFPQMKVTLPLESAEALIEYVPEDLAGRIAPRPLL
69,MQPYPVGTRTITYQDPVRNNRNIQTYLYYPATAAGANQPVAGGQFPVVVVGHGFTMNYAPYAFWGNALAESGYIVAIPNTETGFSPSHSAFAADMAFLVAKLYTENTNSSSPFYQHVQYNSCIIGHSMGGGCTYLAAQNNADVSATVTFAAAETNPSATAAAANVNCPSLVFSGSADCITPPAQHQVPMYNALPDCKAYGGSSRVDLQACK
70,MQPYPVGTRTITYQDPVRNNRNIQTYLYYPATAAGANQPVAGGQFPVVVVGHGFTMNYAPYAFWGNALAESGYIVAIPNTETGFSPSHSAFAADMAFLVAKLYTENTNSSSPFYQHVQYNSCIIGHSMGGGCTYLAAQNNADVSATVTFAAAETNPSATAAAANVNCPSLVFSGSADCITPPAQHQVPMYNALPDCKAYGGSSRVDLQACK
71,MQPYPVGTRTITYQDPVRNNRNIQTYLYYPATAAGANQPVAGGQFPVVVVGHGFTMNYAPYAFWGNALAESGYIVAIPNTETGFSPSHSAFAADMAFLVAKLYTENTNSSSPFYQHVQYNSCIIGHSMGGGCTYLAAQNNADVSATVTFAAAETNPSATAAAANVNCPSLVFSGSADCITPPAQHQVPMYNALPDCKAYGGSSRVDLQACK
72,MQVIQQTVTLQKTQLRLTKEGFVTNYRFPVDFYYPDSPESFPVILISHGFGSVRENFRTLAQHLASHGFLVAVPQHIGSDLQYRQELIKGTLSSALSPVEFLARPTDLSTIIDYLQATQNTGSWQKRANLQQIGVIGDSLGGTTALTIGGAPLDIPRLQTKCTSDNVIVNVALILQCQASFLPPSEYNLADSRVKAVIATHPLISGIFSPDSLAKIQIPVMITAGNFDIITP
73,MQTVTSMLKDLDAVITQVSEKFPQIDNKRVCLIGHSQGAYVSFLHATKDERIKCLVSWMGRLSDLKEFWSKLWFDEIERKGYIYEWDYKITKKYVRDSLKYNLSKAAWRIKVPTLLIYGELDDIVPPSEGMKFYRNIKSPKKIVIVKDLNHTFSGEKAKKSVIRITLKWLSKWLKRLD
74,MQTVTSMLKDLDAVITQVSEKFPQIDNKRVCLIGHSQGAYVSFLHATKDERIKCLVSWMGRLSDLKEFWSKLWFDEIERKGYIYEWDYKITKKYVRDSLKYNLSKAAWRIKVPTLLIYGELDDIVPPSEGMKFYRNIKSPKKIVIVKDLNHTFSGEKAKKSVIRITLKWLSKWLKRLD
75,MQTVTSMLKDLDAVITQVSEKFPQIDNKRVCLIGHSQGAYVSFLHATKDERIKCLVSWMGRLSDLKEFWSKLWFDEIERKGYIYEWDYKITKKYVRDSLKYNLSKAAWRIKVPTLLIYGELDDIVPPSEGMKFYRNIKSPKKIVIVKDLNHTFSGEKAKKSVIRITLKWLSKWLKRLD
76,ANPPGGDPDPGCQTDCNYQRGPDPTDAYLEAASGPYTVSTIRVSSLVPGFGGGTIHYPTNAGGGKMAGIVVIPGYLSFESSIEWWGPRLASHGFVVMTIDTNTIYDQPSQRRDQIEAALQYLVNQSNSSSSPISGMVDSSRLAAVGWSMGGGGTLQLAADGGIKAAIALAPWNSSINDFNRIQVPTLIFACQLDAIAPVALHASPFYNRIPNTTPKAFFEMTGGDHWCANGGNIYSALLGKYGVSWMKLHLDQDTRYAPFLCGPNHAAQTLISEYRGNCPY
77,ANPPGGDPDPGCQTDCNYQRGPDPTDAYLEAASGPYTVSTIRVSSLVPGFGGGTIHYPTNAGGGKMAGIVVIPGYLSFESSIEWWGPRLASHGFVVMTIDTNTIYDQPSQRRDQIEAALQYLVNQSNSSSSPISGMVDSSRLAAVGWSMGGGGTLQLAADGGIKAAIALAPWNSSINDFNRIQVPTLIFACQLDAIAPVALHASPFYNRIPNTTPKAFFEMTGGDHWCANGGNIYSALLGKYGVSWMKLHLDQDTRYAPFLCGPNHAAQTLISEYRGNCPY
78,ANPPGGDPDPGCQTDCNYQRGPDPTDAYLEAASGPYTVSTIRVSSLVPGFGGGTIHYPTNAGGGKMAGIVVIPGYLSFESSIEWWGPRLASHGFVVMTIDTNTIYDQPSQRRDQIEAALQYLVNQSNSSSSPISGMVDSSRLAAVGWSMGGGGTLQLAADGGIKAAIALAPWNSSINDFNRIQVPTLIFACQLDAIAPVALHASPFYNRIPNTTPKAFFEMTGGDHWCANGGNIYSALLGKYGVSWMKLHLDQDTRYAPFLCGPNHAAQTLISEYRGNCPY
79,MTTPTPTPEPEPEPPGGCGDCYQRGPDPTVAALEADRGPYSVRTINVSSWVSGFGGGTIHYPVGTQGTMGAIAVIPGYVSYENSIEWWGGRLASWGFVVITIDTNSIYDQPDSRANQLSAALDYVIAQSNSSRSAIQGMVDPNRLGAIGWSMGGGGTLKLSTDRYLKAAIPQAPWYSGFNPFDEITTPTLIIACQLDAVAPVAQHASPFYNEIPNSTAKAFLEIRNGDHFCANSGYPDEDILGKYGVAWMKRFIDDDRRYDAFLCGPNHEAEWDISEYRDTCNY
80,MQADTDTTAVAPAAANPYERGPAPTEASVTAARGPFAIAQVNVPSGSGAGFNDGTIYYPTDTSQGTFGAVAVIPGFISPQAVIQWFGPRLASQGFVVFTLDSNGLADLPDARGRQLLAALDYLTTQSTVRTRIDPNRLAVMGHSMGGGGTLLAAENRPTLKAAIPLAPWEPDTSWEGVKVPTMIIGGESDVVAPVSSMAIPDYNSLSSAPEKAYLELRSGDHLAPASESPTVAEYALSWLKRFVDDDTRYDQFLCPGPTPDTDISQYLDTCPNGS
81,MQADTDTTAVAPAAANPYERGPAPTEASVTAARGPFAIAQVNVPSGSGAGFNDGTIYYPTDTSQGTFGAVAVIPGFISPQAVIQWFGPRLASQGFVVFTLDSNGLADLPDARGRQLLAALDYLTTQSTVRTRIDPNRLAVMGHSMGGGGTLLAAENRPTLKAAIPLAPWEPDTSWEGVKVPTMIIGGESDVVAPVSSMAIPDYNSLSSAPEKAYLELRSGDHLAPASESPTVAEYALSWLKRFVDDDTRYDQFLCPGPTPDTDISQYLDTCPNGS
82,MQADTDTTAVAPAAANPYERGPAPTEASVTAARGPFAIAQVNVPSGSGAGFNDGTIYYPTDTSQGTFGAVAVIPGFISPQAVIQWFGPRLASQGFVVFTLDSNGLADLPDARGRQLLAALDYLTTQSTVRTRIDPNRLAVMGHSMGGGGTLLAAENRPTLKAAIPLAPWEPDTSWEGVKVPTMIIGGESDVVAPVSSMAIPDYNSLSSAPEKAYLELRSGDHLAPASESPTVAEYALSWLKRFVDDDTRYDQFLCPGPTPDTDISQYLDTCPNGS
83,MRFRVAASLPAEYLAVDNVVLEGTAQPPAPGGSGYQKGPEPTAALLEAGTGPFATASVTLSRSAASGFGGGTIHYPQGVAGPFAAVAVVPGYLAAESTIAWWGPRLASHGFVVITMATNNTLDLPASRSAQLTAALNQLKTLSATPGHAVFGLVDPNRLGVVGWSYGGGGTLLNAQANPQLKAAMALAPKTLLQGDFTGTTVPTLVVGCQADTTAAPAFWAIPFYNKVSASTGKAYLEVRGGSHFCVTSSTSDADKKALGKYGVAWLKRFMDEDTRYAPFLCGAPRQADVAGNAAISDYRDNCPY
84,MADNPYQRGPDPTRDSVAASRGTFATASTTVGSGNGFGAGFIYYPTDTSQGTFGAVAIVPGYTATWAAEGAWMGHWLASFGFVVIGIDTINRNDWDTARGTQLLAALDYLTQRSTVRDRVDASRLAVMGHSMGGGGAMYAALQRPSLKAAVGLAPFSPSQNLNGMRVPTMLLAGQHDTTTTPASITSLYNGIPAATEKAYLELSGAGHGFPTSNNSVMMRKVIPWLKIFVDSDVRYTQFLCPLMDNTGIRSYQSTCPLLPGTPTPPNRYEAETSPAVCTGTIASNHTGYSGTGFCDGNNATNAYAQFTVNASAAGSMTLRVRFANGTTTARPASLIVNGSTVQTPSFEGTGAWTTWATKTLTVTLNAGNNTIRFNPTTANGLPNLDYIEIAAP
85,MADNPYQRGPDPTRDSVAASRGTFATASTTVGSGNGFGAGFIYYPTDTSQGTFGAVAIVPGYTATWAAEGAWMGHWLASFGFVVIGIDTINRNDWDTARGTQLLAALDYLTQRSTVRDRVDASRLAVMGHSMGGGGAMYAALQRPSLKAAVGLAPFSPSQNLNGMRVPTMLLAGQHDTTTTPASITSLYNGIPAATEKAYLELSGAGHGFPTSNNSVMMRKVIPWLKIFVDSDVRYTQFLCPLMDNTGIRSYQSTCPLLPGTPTPPNRYEAETSPAVCTGTIASNHTGYSGTGFCDGNNATNAYAQFTVNASAAGSMTLRVRFANGTTTARPASLIVNGSTVQTPSFEGTGAWTTWATKTLTVTLNAGNNTIRFNPTTANGLPNLDYIEIAAP
86,MGDCPATAICRSESPGAYSGNGPYGSRSYTLSRFQTPGGATVYYPANAEPPYAGMVFTPPYTGTQAMFAAWGPFFASHGFVLVTMDTSTTLDSVDQRAAQQKEVLNALKSENTRSGSPLRGKLDTARLGAVGWSMGGGATWINSAEYSGLKTAMSLAGHNLTAVDIDSKGYNTRVPTLLFNGAQDLTYLGGLGQSDGVYNNIPAGIPKVFYEVSSAGHFDWGSPTAANRSVASLALAFHKAYLDGDTRWLQYITRPSSDVTTWRTANIR
87,MSQVPPTPPTDDPMGDCPSTAICRGEAPGSYSGNGPYGSRSYTLSRFQTPGGATVYYPSNAEPPYSGLVFTPPYTGTQAMFRAWGPFFASHGIVLVTMDTSTTVDTVDQRASQQKRVLDVLKQENTRSGSPLRGKLDTSRLGAVGWSMGGGATWINSAEYNGLKTAMSLAGHNMTAIDLDSKGGNTRVPTLLFNGALDLTMLGGLGQSIGVYNAIPRGIPKVIYEVASAGHFDWGSPTAANRSVAGIALAFHKTFLDGDTRWVSYIKRPSSDVATWRTENLPQ
88,MESPYERGPDPTSASVLDNGTFSLSSTSVSSLVTGFGGGTIYYPTSTTQGTFGGVVLAPGYTASSSSYSSVARRVASHGFVVFAIDTNSRYDQPDSRGSQILAAVSYLKNSASSTVASRLDETRIAVSGHSMGGGGTLAAANQDSSIKAAVALQPWHTDKTWPGIQIPTMIIGAENDSVAPVASHSIPFYTSMTGAREKAYGEINNGDHFIANTDDDWQGRLFVTWLKRYVDDDTRYSQFLCPAPSSIYLSDYRNTCPD
89,MESPYERGPDPTSASVLDNGTFSLSSTSVSSLVTGFGGGTIYYPTSTTQGTFGGVVLAPGYTASSSSYSSVARRVASHGFVVFAIDTNSRYDQPDSRGSQILAAVSYLKNSASSTVASRLDETRIAVSGHSMGGGGTLAAANQDSSIKAAVALQPWHTDKTWPGIQIPTMIIGAENDSVAPVASHSIPFYTSMTGAREKAYGEINNGDHFIANTDDDWQGRLFVTWLKRYVDDDTRYSQFLCPAPSSIYLSDYRNTCPD
90,MESPYERGPDPTSASVLDNGTFSLSSTSVSSLVTGFGGGTIYYPTSTTQGTFGGVVLAPGYTASSSSYSSVARRVASHGFVVFAIDTNSRYDQPDSRGSQILAAVSYLKNSASSTVASRLDETRIAVSGHSMGGGGTLAAANQDSSIKAAVALQPWHTDKTWPGIQIPTMIIGAENDSVAPVASHSIPFYTSMTGAREKAYGEINNGDHFIANTDDDWQGRLFVTWLKRYVDDDTRYSQFLCPAPSSIYLSDYRNTCPD
91,QYQKGPDPTASALERNGPFAIRSTSVSRTSVSGFGGGRLYYPTASGTYGAIAVSPGFTGTSSTMTFWGERLASHGFVVLVIDTITLYDQPDSRARQLKAALDYLATQNGRSSSPIYRKVDTSRRAVAGHSMGGGGSLLAARDNPSYKAAIPMAPWNTSSTAFRTVSVPTMIFGCQDDSIAPVFSHAIPFYNAIPNSTRKNYVEIRNDDHFCVMNGGGHDATLGKLGISWMKRFVDNDTRYSPFVCGAEYNRVVSSYEVSRSYNNCPY
92,QYQKGPDPTASALERNGPFAIRSTSVSRTSVSGFGGGRLYYPTASGTYGAIAVSPGFTGTSSTMTFWGERLASHGFVVLVIDTITLYDQPDSRARQLKAALDYLATQNGRSSSPIYRKVDTSRRAVAGHSMGGGGSLLAARDNPSYKAAIPMAPWNTSSTAFRTVSVPTMIFGCQDDSIAPVFSHAIPFYNAIPNSTRKNYVEIRNDDHFCVMNGGGHDATLGKLGISWMKRFVDNDTRYSPFVCGAEYNRVVSSYEVSRSYNNCPY
93,QYQKGPDPTASALERNGPFAIRSTSVSRTSVSGFGGGRLYYPTASGTYGAIAVSPGFTGTSSTMTFWGERLASHGFVVLVIDTITLYDQPDSRARQLKAALDYLATQNGRSSSPIYRKVDTSRRAVAGHSMGGGGSLLAARDNPSYKAAIPMAPWNTSSTAFRTVSVPTMIFGCQDDSIAPVFSHAIPFYNAIPNSTRKNYVEIRNDDHFCVMNGGGHDATLGKLGISWMKRFVDNDTRYSPFVCGAEYNRVVSSYEVSRSYNNCPY
94,AANPYQRGPDPTESLLRAARGPFAVSEQSVSRLSVSGFGGGRIYYPTTTSQGTFGAIAISPGFTASWSSLAWLGPRLASHGFVVIGIETNTRLDQPDSRGRQLLAALDYLTQRSSVRNRVDASRLAVAGHSMGGGGTLEAAKSRTSLKAAIPIAPWNLDKTWPEVRTPTLIIGGELDSIAPVATHSIPFYNSLTNAREKAYLELNNASHFFPQFSNDTMAKFMISWMKRFIDDDTRYDQFLCPPPRAIGDISDYRDTCPHT
95,AANPYQRGPDPTESLLRAARGPFAVSEQSVSRLSVSGFGGGRIYYPTTTSQGTFGAIAISPGFTASWSSLAWLGPRLASHGFVVIGIETNTRLDQPDSRGRQLLAALDYLTQRSSVRNRVDASRLAVAGHSMGGGGTLEAAKSRTSLKAAIPIAPWNLDKTWPEVRTPTLIIGGELDSIAPVATHSIPFYNSLTNAREKAYLELNNASHFFPQFSNDTMAKFMISWMKRFIDDDTRYDQFLCPPPRAIGDISDYRDTCPHT
96,AANPYQRGPDPTESLLRAARGPFAVSEQSVSRLSVSGFGGGRIYYPTTTSQGTFGAIAISPGFTASWSSLAWLGPRLASHGFVVIGIETNTRLDQPDSRGRQLLAALDYLTQRSSVRNRVDASRLAVAGHSMGGGGTLEAAKSRTSLKAAIPIAPWNLDKTWPEVRTPTLIIGGELDSIAPVATHSIPFYNSLTNAREKAYLELNNASHFFPQFSNDTMAKFMISWMKRFIDDDTRYDQFLCPPPRAIGDISDYRDTCPHT
97,MAANPYQRGPNPTEASITAARGPFNTAEITVSRLSVSGFGGGKIYYPTTTSEGTFGAIAISPGFTAYWSSLEWLGHRLASQGFVVIGIETNTTLDQPDQRGQQLLAALDYLTQRSAVRDRVDASRLAVAGHSMGGGGSLEAAKARTSLKAAIPLAPWNLDKTWPEVRTPTLIIGGELDAVAPVATHSIPFYNSLSNAPEKAYLELDNASHFFPNITNTQMAKYMIAWMKRFIDDDTRYTQFLCPPPSTGLLSDFSDARFTCPM
98,MAANPYQRGPNPTEASITAARGPFNTAEITVSRLSVSGFGGGKIYYPTTTSEGTFGAIAISPGFTAYWSSLEWLGHRLASQGFVVIGIETNTTLDQPDQRGQQLLAALDYLTQRSAVRDRVDASRLAVAGHSMGGGGSLEAAKARTSLKAAIPLAPWNLDKTWPEVRTPTLIIGGELDAVAPVATHSIPFYNSLSNAPEKAYLELDNASHFFPNITNTQMAKYMIAWMKRFIDDDTRYTQFLCPPPSTGLLSDFSDARFTCPM
99,MAANPYQRGPNPTEASITAARGPFNTAEITVSRLSVSGFGGGKIYYPTTTSEGTFGAIAISPGFTAYWSSLEWLGHRLASQGFVVIGIETNTTLDQPDQRGQQLLAALDYLTQRSAVRDRVDASRLAVAGHSMGGGGSLEAAKARTSLKAAIPLAPWNLDKTWPEVRTPTLIIGGELDAVAPVATHSIPFYNSLSNAPEKAYLELDNASHFFPNITNTQMAKYMIAWMKRFIDDDTRYTQFLCPPPSTGLLSDFSDARFTCPM
100,MSNPYERGPAPTESSVTAVRGYFDTDTDTVSSLVSGFGGGTIYYPTDTSEGTFGGVVIAPGYTASQSSMAWMGHRIASQGFVVFTIDTITRYDQPDSRGRQIEAALDYLVEDSDVADRVDGNRLAVMGHSMGGGGTLAAAENRPELRAAIPLTPWHLQKNWSDVEVPTMIIGAENDTVASVRTHSIPFYESLDEDLERAYLELDGASHFAPNISNTVIAKYSISWLKRFVDEDERYEQFLCPPPDTGLFSDFSDYRDSCPHTT
101,MSNPYERGPAPTESSVTAVRGYFDTDTDTVSSLVSGFGGGTIYYPTDTSEGTFGGVVIAPGYTASQSSMAWMGHRIASQGFVVFTIDTITRYDQPDSRGRQIEAALDYLVEDSDVADRVDGNRLAVMGHSMGGGGTLAAAENRPELRAAIPLTPWHLQKNWSDVEVPTMIIGAENDTVASVRTHSIPFYESLDEDLERAYLELDGASHFAPNISNTVIAKYSISWLKRFVDEDERYEQFLCPPPDTGLFSDFSDYRDSCPHTT
102,MAEPADVHGPDPTEESITAPRGPFEVDEESVSRLSVSGFGGGTIYYPTDTTDGLFSAVSISPGFTGTQETMAWYGPRLASQGFVVFTIDTITTTDQPDSRARQLQASLDYLVNDSDVKDIIDPARLGVMGHSMGGGGSLKAALDNPALKAAIPLTPWHTTKDFSGVQTPTLIIGAQNDTVAPVSQHAKPFYESLPDDPGKAYLELAGASHLAPNTDNTTIAKFSIAWLKRFLDDDTRYDQFLCPPPENDDSISDYQSTCPY
103,MAEPADVHGPDPTEESITAPRGPFEVDEESVSRLSVSGFGGGTIYYPTDTTDGLFSAVSISPGFTGTQETMAWYGPRLASQGFVVFTIDTITTTDQPDSRARQLQASLDYLVNDSDVKDIIDPARLGVMGHSMGGGGSLKAALDNPALKAAIPLTPWHTTKDFSGVQTPTLIIGAQNDTVAPVSQHAKPFYESLPDDPGKAYLELAGASHLAPNTDNTTIAKFSIAWLKRFLDDDTRYDQFLCPPPENDDSISDYQSTCPY
104,MAEPADVHGPDPTEESITAPRGPFEVDEESVSRLSVSGFGGGTIYYPTDTTDGLFSAVSISPGFTGTQETMAWYGPRLASQGFVVFTIDTITTTDQPDSRARQLQASLDYLVNDSDVKDIIDPARLGVMGHSMGGGGSLKAALDNPALKAAIPLTPWHTTKDFSGVQTPTLIIGAQNDTVAPVSQHAKPFYESLPDDPGKAYLELAGASHLAPNTDNTTIAKFSIAWLKRFLDDDTRYDQFLCPPPENDDSISDYQSTCPY
105,MANPYERGPNPTDALLEARSGPFSVSEENVSRLSASGFGGGTIYYPRENNTYGAVAISPGYTGTEASIAWLGKRIASHGFVVITIDTITTLDQPDSRAEQLNAALNHMINRASSTVRSRIDSSRLAVMGHSMGGGGSLRLASQRPDLKAAIPLTPWHLNKNWSSVRVPTLIIGADLDTIAPVLTHARPFYNSLPTSISKAYLELDGATHFAPNIPNKIIGKYSVAWLKRFVDNDTRYTQFLCPGPRDGLFGEVEEYRSTCPF
106,MANPYERGPNPTDALLEARSGPFSVSEENVSRLSASGFGGGTIYYPRENNTYGAVAISPGYTGTEASIAWLGKRIASHGFVVITIDTITTLDQPDSRAEQLNAALNHMINRASSTVRSRIDSSRLAVMGHSMGGGGSLRLASQRPDLKAAIPLTPWHLNKNWSSVRVPTLIIGADLDTIAPVLTHARPFYNSLPTSISKAYLELDGATHFAPNIPNKIIGKYSVAWLKRFVDNDTRYTQFLCPGPRDGLFGEVEEYRSTCPF
107,MANPYERGPNPTDALLEARSGPFSVSEENVSRLSASGFGGGTIYYPRENNTYGAVAISPGYTGTEASIAWLGKRIASHGFVVITIDTITTLDQPDSRAEQLNAALNHMINRASSTVRSRIDSSRLAVMGHSMGGGGSLRLASQRPDLKAAIPLTPWHLNKNWSSVRVPTLIIGADLDTIAPVLTHARPFYNSLPTSISKAYLELDGATHFAPNIPNKIIGKYSVAWLKRFVDNDTRYTQFLCPGPRDGLFGEVEEYRSTCPF
108,MAANPYERGPNPTDALLEARSGPFSVSEENVSRLSASGFGGGTIYYPRESNTYGAVAISPGYTGTEASIAWLGERIASHGFVVITIDTITTLDQPDSRAEQLNAALNHMINRASSTVRSRIDSSRLAVMGHSMGGGGTLRLASQRPDLKAAIPLTPWHLNKNWSSVTVPTLIIGADLDTIAPVATHAKPFYNSLPSSISKAYLELDGATHFAPNIPNKIIGKYSVAWLKWFVDNDTRYTQFLCPGPRDGLFGEVEEYRSTCPF
109,MANPYERGPNPTDALLEARSGPFSVSEENVSRLSASGFGGGTIYYPRENNTYGAVAISPGYTGTEASIAWLGERIASHGFVVITIDTITTLDQPDSRAEQLNAALNHMINRASSTVRSRIDSSRLAVMGHSMGGGGSLRLASQRPDLKAAIPLTPWHLNKNWSSVRVPTLIIGADLDTIAPVLTHARPFYNSLPTSISKAYLELDGATHFAPNIPNKIIGKYSVAWLKRFVDNDTRYTQFLCPGPRDGLFGEVEEYRSTCPF
110,ANPYERGPNPTDALLEARSGPFSVSEENVSRLGASGFGGGTIYYPRENNTYGAVAISPGYTGTQASVAWLGKRIASHGFVVITIDTITTLDQPDSRARQLNAALDYMINDASSAVRSRIDSSRLAVMGHSMGGGGSLRLASQRPDLKAAIPLTPWHLNKNWSSVRVPTLIIGADLDTIAPVLTHARPFYNSLPTSISKAYLELDGATHFAPNIPNKIIGKYSVAWLKRFVDNDTRYTQFLCPGPRDGLFGEVEEYRSTCPF
111,ANPYERGPNPTDALLEARSGPFSVSEENVSRLGASGFGGGTIYYPRENNTYGAVAISPGYTGTQASVAWLGKRIASHGFVVITIDTITTLDQPDSRARQLNAALDYMINDASSAVRSRIDSSRLAVMGHSMGGGGSLRLASQRPDLKAAIPLTPWHLNKNWSSVRVPTLIIGADLDTIAPVLTHARPFYNSLPTSISKAYLELDGATHFAPNIPNKIIGKYSVAWLKRFVDNDTRYTQFLCPGPRDGLFGEVEEYRSTCPF
112,ANPYERGPNPTDALLEARSGPFSVSEENVSRLGASGFGGGTIYYPRENNTYGAVAISPGYTGTQASVAWLGKRIASHGFVVITIDTITTLDQPDSRARQLNAALDYMINDASSAVRSRIDSSRLAVMGHSMGGGGSLRLASQRPDLKAAIPLTPWHLNKNWSSVRVPTLIIGADLDTIAPVLTHARPFYNSLPTSISKAYLELDGATHFAPNIPNKIIGKYSVAWLKRFVDNDTRYTQFLCPGPRDGLFGEVEEYRSTCPF
113,MANPYERGPNPTDALLEARSGPFSVSEERASRFGADGFGGGTIYYPRENNTYGAVAISPGYTGTQASVAWLGERIASHGFVVITIDTNTTLDQPDSRARQLNAALDYMINDASSAVRSRIDSSRLAVMGHSMGGGGTLRLASQRPDLKAAIPLTPWHLNKNWSSVRVPTLIIGADLDTIAPVLTHARPFYNSLPTSISKAYLELDGATHFAPNIPNKIIGKYSVAWLKRFVDNDTRYTQFLCPGPRDGLFGEVEEYRSTCPF
114,MANPYERGPNPTDALLEARSGPFSVSEERASRFGADGFGGGTIYYPRENNTYGAVAISPGYTGTQASVAWLGKRIASHGFVVITIDTNTTLDQPDSRARQLNAALDYMINDASSAVRSRIDSSRLAVMGHSMGGGGSLRLASQRPDLKAAIPLTPWHLNKNWSSVRVPTLIIGADLDTIAPVLTHARPFYNSLPTSISKAYLELDGATHFAPNIPNKIIGKYSVAWLKRFVDNDTRYTQFLCPGPRDGLFGEVEEYRSTCPF
115,MANPYERGPNPTDALLEASSGPFSVSEENVSRLSASGFGGGTIYYPRENNTYGAVAISPGYTGTEASIAWLGGRIASHGFVVITIDTITTLDQPDSRAEQLNAALNHMINRASSTVRSRIDSSRLAVMGHSMGGGGTPRLASQRPDLKAAIPLTPWHLNKNRSSVTVPTLIIGADLDTIAPVATHAKPFYNSLPSSISKAYLELDGATHFAPNIPNKIIGKYSVAWLKRFVDNDTRYTQFLCPGPRDGLFGEVEEYCSTCPF
116,MANPYERGPNPTESMLEARSGPFSVSEERASRLGADGFGGGTIYYPRENNTYGAIAISPGYTGTQSSIAWLGERIASHGFVVIAIDTNTTLDQPDSRARQLNAALDYMLTDASSSVRNRIDASRLAVMGHSMGGGGTLRLASQRPDLKAAIPLTPWHLNKSWRDITVPTLIIGADLDTIAPVSSHSEPFYNSIPSSTDKAYLELNNATHFAPNITNKTIGMYSVAWLKRFVDEDTRYTQFLCPGPRTGLLSDVDEYRSTCPF
117,MANPYERGPNPTESMLEARSGPFSVSEERASRLGADGFGGGTIYYPRENNTYGAIAISPGYTGTQSSIAWLGERIASHGFVVIAIDTNTTLDQPDSRARQLNAALDYMLTDASSSVRNRIDASRLAVMGHSMGGGGTLRLASQRPDLKAAIPLTPWHLNKSWRDITVPTLIIGADLDTIAPVSSHSEPFYNSIPSSTDKAYLELNNATHFAPNITNKTIGMYSVAWLKRFVDEDTRYTQFLCPGPRTGLLSDVDEYRSTCPF
118,MANPYERGPNPTESMLEARSGPFSVSEERASRLGADGFGGGTIYYPRENNTYGAIAISPGYTGTQSSIAWLGERIASHGFVVIAIDTNTTLDQPDSRARQLNAALDYMLTDASSSVRNRIDASRLAVMGHSMGGGGTLRLASQRPDLKAAIPLTPWHLNKSWRDITVPTLIIGADLDTIAPVSSHSEPFYNSIPSSTDKAYLELNNATHFAPNITNKTIGMYSVAWLKRFVDEDTRYTQFLCPGPRTGLLSDVDEYRSTCPF
119,MANPYERGPDPTQASLEASRGPFPVSEERVSSPVSGFGGGTIYYPQENNTYGAVAISPGYTATQSSVAWLGERIASHGFVVITIDTNTTLDQPDSRADQLEAALDHMVDGASSTVRSRIDRNRLAVMGHSMGGGGTLRLASRRPDLKAAIPLTPWHLNKSWSNVQVPTLIIGAENDTVAPVALHAEPSYTSIPTSTRKAYLELNGASHFAPSVANATIGMYGVAWLKRFVDEDTRYTRFLCPGPRTGLFSDVEEYRSTCPF
120,MANPYERGPDPTQASLEASRGPFPVSEERVSSPVSGFGGGTIYYPQENNTYGAVAISPGYTATQSSVAWLGERIASHGFVVITIDTNTTLDQPDSRADQLEAALDHMVDGASSTVRSRIDRNRLAVMGHSMGGGGTLRLASRRPDLKAAIPLTPWHLNKSWSNVQVPTLIIGAENDTVAPVALHAEPSYTSIPTSTRKAYLELNGASHFAPSVANATIGMYGVAWLKRFVDEDTRYTRFLCPGPRTGLFSDVEEYRSTCPF
121,MANPYERGPDPTQASLEASRGPFPVSEERVSSPVSGFGGGTIYYPQENNTYGAVAISPGYTATQSSVAWLGERIASHGFVVITIDTNTTLDQPDSRADQLEAALDHMVDGASSTVRSRIDRNRLAVMGHSMGGGGTLRLASRRPDLKAAIPLTPWHLNKSWSNVQVPTLIIGAENDTVAPVALHAEPSYTSIPTSTRKAYLELNGASHFAPSVANATIGMYGVAWLKRFVDEDTRYTRFLCPGPRTGLFSDVEEYRSTCPF
122,ANPYERGPNPTDALLEARSGPFSVSEENVSRLSASGFGGGTIYYPRENNTYGAVAISPGYTGTEASIAWLGERIASHGFVVITIDTITTLDQPDSRAEQLNAALNHMINRASSTVRSRIDSSRLAVMGHSMGGGGSLRLASQRPDLKAAIPLTPWHLNKNWSSVTVPTLIIGADLDTIAPVATHAKPFYNSLPSSISKAYLELDGATHFAPNIPNKIIGKYSVAWLKRFVDNDTRYTQFLCPGPRDGLFGEVEEYRSTCPF
123,ANPYERGPNPTDALLEARSGPFSVSEENVSRLSASGFGGGTIYYPRENNTYGAVAISPGYTGTEASIAWLGERIASHGFVVITIDTITTLDQPDSRAEQLNAALNHMINRASSTVRSRIDSSRLAVMGHSMGGGGSLRLASQRPDLKAAIPLTPWHLNKNWSSVTVPTLIIGADLDTIAPVATHAKPFYNSLPSSISKAYLELDGATHFAPNIPNKIIGKYSVAWLKRFVDNDTRYTQFLCPGPRDGLFGEVEEYRSTCPF
124,ANPYERGPNPTDALLEARSGPFSVSEENVSRLSASGFGGGTIYYPRENNTYGAVAISPGYTGTEASIAWLGERIASHGFVVITIDTITTLDQPDSRAEQLNAALNHMINRASSTVRSRIDSSRLAVMGHSMGGGGSLRLASQRPDLKAAIPLTPWHLNKNWSSVTVPTLIIGADLDTIAPVATHAKPFYNSLPSSISKAYLELDGATHFAPNIPNKIIGKYSVAWLKRFVDNDTRYTQFLCPGPRDGLFGEVEEYRSTCPF
125,MANPYERGPNPTDALLEARSGPFSVSEENVSRFGADGFGGGTIYYPRENNTYGAVAISPGYTGTQASVAWLGERIASHGFVVITIDTNTTLDQPDSRARQLNAALDYMINDASSAVRSRIDSSRLAVMGHSMGGGGTLRLASQRPDLKAAIPLTPWHLNKNWSSVRVPTLIIGADLDTIAPVLTHARPFYNSLPTSISKAYLELDGATHFAPNIPNKIIGKYSVAWLKRFVDNDTRYTQFLCPGPRDGLFGEVEEYRSTCPFALE
126,MANPYERGPNPTDALLEARSGPFSVSEENVSRFGADGFGGGTIYYPRENNTYGAVAISPGYTGTQASVAWLGERIASHGFVVITIDTNTTLDQPDSRARQLNAALDYMINDASSAVRSRIDSSRLAVMGHSMGGGGTLRLASQRPDLKAAIPLTPWHLNKNWSSVRVPTLIIGADLDTIAPVLTHARPFYNSLPTSISKAYLELDGATHFAPNIPNKIIGKYSVAWLKRFVDNDTRYTQFLCPGPRDGLFGEVEEYRSTCPFALE
127,MANPYERGPNPTESMLEARSGPFSVSEERASRFGADGFGGGTIYYPRENNTYGAIAISPGYTGTQSSIAWLGERIASHGFVVIAIDTNTTLDQPDSRARQLNAALDYMLTDASSAVRNRIDASRLAVMGHSMGGGGTLRLASQRPDLKAAIPLTPWHLNKSWRDITVPTLIIGAEYDTIASVTLHSKPFYNSIPSPTDKAYLELDGASHFAPNITNKTIGMYSVAWLKRFVDEDTRYTQFLCPGPRTGLLSDVEEYRSTCPF
128,MANPYERGPNPTESMLEARSGPFSVSEERASRFGADGFGGGTIYYPRENNTYGAIAISPGYTGTQSSIAWLGERIASHGFVVIAIDTNTTLDQPDSRARQLNAALDYMLTDASSAVRNRIDASRLAVMGHSMGGGGTLRLASQRPDLKAAIPLTPWHLNKSWRDITVPTLIIGAEYDTIASVTLHSKPFYNSIPSPTDKAYLELDGASHFAPNITNKTIGMYSVAWLKRFVDEDTRYTQFLCPGPRTGLLSDVEEYRSTCPF
129,MANPYERGPNPTESMLEARSGPFSVSEERASRFGADGFGGGTIYYPRENNTYGAIAISPGYTGTQSSIAWLGERIASHGFVVIAIDTNTTLDQPDSRARQLNAALDYMLTDASSAVRNRIDASRLAVMGHSMGGGGTLRLASQRPDLKAAIPLTPWHLNKSWRDITVPTLIIGAEYDTIASVTLHSKPFYNSIPSPTDKAYLELDGASHFAPNITNKTIGMYSVAWLKRFVDEDTRYTQFLCPGPRTGLLSDVEEYRSTCPF
130,MGGGGSGGGNNGGGGGCEADCGYERGPDPSVSLLEASTGPFSVRTSNVSSSVRGFGGGTIHYPTNTTGTMAAIVVIPGFVSPESSIAWWGPKLASHGFVVMTIGTNSGFDQPASRASQLNNALDYLIEQNGSSRSPINGMIDTDRLGVMGWSMGGGGTLRVATEGRVSAAIPLAPWDSSSSQFRSIDTPTLIFACENDSTAPVRSHADPFYDAIPDSTAKAFVELDGGGHTCANGSSGFGGSYNDVLSRLGVSWMKLHLDKDQRYNQFVCGPNHESDRSISEYRGTCPYLE
131,MGGGGSGGGNNGGGGGCEADCGYERGPDPSVSLLEASTGPFSVRTSNVSSSVRGFGGGTIHYPTNTTGTMAAIVVIPGFVSPESSIAWWGPKLASHGFVVMTIGTNSGFDQPASRASQLNNALDYLIEQNGSSRSPINGMIDTDRLGVMGWSMGGGGTLRVATEGRVSAAIPLAPWDSSSSQFRSIDTPTLIFACENDSTAPVRSHADPFYDAIPDSTAKAFVELDGGGHTCANGSSGFGGSYNDVLSRLGVSWMKLHLDKDQRYNQFVCGPNHESDRSISEYRGTCPYLE
132,AGGGGDGGDGGCTSDCGFQRGPDPTVSFLEASSGPYSVRTDNVSSLVGGFGGGTVHYPTGTTGTMAAVVVIPGFVSAESSIEWWGPKLASYGFVVMTIDTNSGFDQPPSRATQINNALDYLLEENDSSSSPYSGMIDPNRLGVIGWSMGGGGTLRVAAEGRIQAAIPLAPWDTSSLRFRNIETPTLIFACESDVIAPVGSHADPFYEAIPDSTDKAFFELNNGSHYCGNGGNSYNNELGRLGVSWMKLHLDQDQRYNQFLCGPDHEDEYRISEYRGTCPY
133,ADNPYQRGPDPTNASIEAATGPFAVGTQPIVGASGFGGGQIYYPTDTSQTYGAVVIVPGFISVWAQLNWLGPRLASQGFVVIGIETSVITDLPDPRGDQALAALDWATTRSPVASRIDRTRLAAAGWSMGGGGLRRAALQRPSLKAIVGMAPWNGERNWSAVTVPTLFFGGSSDAVASPNDHAKPFYNSITRAEKDYIELRNADHFFPTSANTTMAKYFISWLKRWVDNDTRYTQFLCPGPSTGLFAPVSASMNTCPF
134,ADNPYERGPDPTTASIEASRGSFATSTTTVSRLAVSGFGGGTIYYPTSTTAGTFGAISIAPGFTATQSSIAWLGPRLASQGFVVFTIDTLTTSDQPDSRGRQLLASLDYLTQQSSVRSRIDSSRLGVVGHSMGGGGTLEAARSRPSLQAAVPLTGWNLTKNWSTVSVPTLVVGAEADTIAPVATHSIPFYTSLPSTLDKAYLELRGASHFAPNTSNTTIAKYTLSWLKRFIDNDTRYEQFLCPIPGTSLSISDYRGTCPHHG
135,ADNPYQRGPDPTNASIEAATGPFAVGTQPIVGASGFGGGQIYYPTDTSQTYGAVVIVPGFISVWAQLNWLGPRLASQGFVVIGIETSVITDLPDPRGDQALAALDWATTRSPVASRIDRTRLAAAGWSMGGGGLRRAALQRPSLKAIVGMAPWNGERNWSAVTVPTLFFGGSSDAVASPNDHAKPFYNSITRAEKDYIELRNADHFFPTSANTTMAKYFISWLKRWVDNDTRYTQFLCPGPSTGLFAPVSASMNTCPF
136,QTNPYARGPNPTAASLEASAGPFTVRSFTVSRPSGYGAGTVYYPTNAGGTVGAIAIVPGYTARQSSIKWWGPRLASHGFVVITIDTNSTLDQPSSRSSQQMAALRQVASLNGTSSSPIYGKVDTARMGVMGWSMGGGGSLISAANNPSLKAAAPQAPWDSSTNFSSVTVPTLIFACENDSIAPVNSSALPIYDSMSRNAKQFLEINGGSHSCANSGNSNQALIGKKGVAWMKRFMDNDTRYSTFACENPNSTRVSDFRTANCS
137,ANPYERGPNPTDALLEASSGPFSVSEENVSRLSASGFGGGTIYYPRENNTYGAVAISPGYTGTEASIAWLGERIASHGFVVITIDTITTLDQPDSRAEQLNAALNHMINRASSTVRSRIDSSRLAVMGHSMGGGGTLRLASQRPDLKAAIPLTPWHLNKNWSSVTVPTLIIGADLDTIAPVATHAKPFYNSLPSSISKAYLELDGATHFAPNIPNKIIGKYSVAWLKRFVDNDTRYTQFLCPGPRDGLFGEVEEYRSTCPF
138,QSNPYQRGPNPTRSALTADGPFSVATYTVSRLSVSGFGGGVIYYPTGTSLTFGGIAMSPGYTADASSLAWLGRRLASHGFVVLVINTNSRFDYPDSRASQLSAALNYLRTSSPSAVRARLDANRLAVAGHSMGGGGTLRIAEQNPSLKAAVPLTPWHTDKTFNTSVPVLIVGAEADTVAPVSQHAIPFYQNLPSTTPKVYVELDNASHFAPNSNNAAISVYTISWMKLWVDNDTRYRQFLCNVNDPALSDFRTNNRHCQ
139,QSGCADVMVVYARGTDQDSPIGDPASVGVLFRDNIKSLLGSRTFSFQGVNYAANVIGFLQGGDPAGSRQMTTDLTNVANSCPNAKIVSAGYSQGGQLVHNSAAQLTAAVRNRINAVVIFGDPKSDQAVTGIPSSNVKIICHDGDNICEGGFIVTSQHTNYQQDAPAAAQFVLSKV
140,MAEDVTESRPRRPIGPRVVLVLAFVVVVTAAAFVLTPVPGSLVVRKVFERDAREQTEKLAVDAPETDFVADLHYREDDPDAYLDVYTPPGTTEALPTIVWTHGGAWLSGNRTNYAGYYRRLAAAGFTVVSVGYSLAPGHRYPTPVRQLVDAQRYLLEHADELHIDTERIVLAGDSAGAQLSAQIAAAVTDPDYAALLGVDPAFTPENVRGVVLNCGIYDVSAIGGSGGLIGWGVEQAMWAYTGAREFATSDAAGQMSVLNSVTENFPATYISGGNADPLTATQSERLAQRLTGLGVQVDALFYPDDHTPELAHEYQFDLSTPDARAALERTIDFVRKVTT
141,MAENPYERGPAPTTSSIEASRGSFATSTVTVSRLAVSGFGGGTIYYPTSTTAGTFGAISIAPGFTALQSSIAWLGPRLASQGFVVFTIDTLTTSDQPDSRGRQLLAALDYLTQQSSVRSRIDSSRLGVVGHSMGGGGTLEAARSRPSLQAAIPLTGWNLTKTWSTVRVPTLVVGAQADTVAPVASHSIPFYNSLPSSLDKAYLELRGASHFAPNSSNTTIAKYTLSWLKRFIDNDTRYEQFLCPIPSTSLSISDYRGNCPHNG
142,QTNPYARGPNPTAASLEASAGPFTVRSFTVSRPSGYGAGTVYYPTNAGGTVGAIAIVPGYTARQSSIKWWGPRLASHGFVVITIDTNSTLDQPSSRSSQQMAALRQVASLNGTSSSPIYGKVDTARMGVMGWSMGGGGSLISAANNPSLKAAAPQAPWDSSTNFSSVTVPTLIFACENDSIAPVNSSALPIYDSMSRNAKQFLEINGGSHSCANSGNSNQALIGKKGVAWMKRFMDNDTRYSTFACENPNSTRVSDFRTANCS
143,QSNPYQRGPNPTRSALTADGPFSVATYTVSRLSVSGFGGGVIYYPTGTSLTFGGIAMSPGYTADASSLAWLGRRLASHGFVVLVINTNSRFDYPDSRASQLSAALNYLRTSSPSAVRARLDANRLAVAGHSMGGGGTLRIAEQNPSLKAAVPLTPWHTDKTFNTSVPVLIVGAEADTVAPVSQHAIPFYQNLPSTTPKVYVELDNASHFAPNSNNAAISVYTISWMKLWVDNDTRYRQFLCNVNDPALSDFRTNNRHCQ
144,QCGDVTIESLTNPGPYEVATLTEADGLRNGPDYQGATVYYPTNATPPFASIAIVPGFTALPSSVEEWGPFYASHGIVTIIIGTNSLFDFPEERAVALIDALETMRQENTRSSSPLENQLDVDKFAVSGWSMGGGGAQRAAVLDNTIKGVVALCPWLPNASLNHDSPVLIFSGENDPTAPPAQHADLHYAATPNTTNKLLFEIENGNHSVANTPNGGNGAVGKIALSWLKLYVDENDCYCPLLTESLLVDPPAASKVLSSFECELLSVPDNSFAISVYPNPTHDFVNINSTNPVHFEVYSALGQRLLSGELTQSEKQIDFSNFAKGLYYVRLGNETVKIVRN
145,QCTGATVESLTNPGPYTVATLSEADGVRNGPKYAGSTIYYPTNATPPYASIAIVPGFTAAPSSVQEWGPFYASHGIVAIIIGTNSLYDQPEARALALLDALETIKQENGRATSPLIGKLDVTKLAVSGWSMGGGGAQRAAVLDNTISAVVALCPYLTSPQLNHTVPVLIFSGQSDPTAPPSQHANVHYNTTPGTTNKLLFEVKNGNHSVANSPTGGGGAVGKLALSWLKIYLEKNDCYCSVLATAIVNSTTVSSKISQSYQCNNALGVVDSKTRFNLYPNPTKDFVQVNVREMASYQLSSSTGQIVLKGIVTSSKNQIDLSKLPAGVYYLQINGETIKVIKKQ
146,EVTLSETTVSSIKSEATVSSTKKALPATPSDCIADSKITAVALSDTRDNGPFSIRTKRISRQSAKGFGGGTIHYPTNASGCGLLGAIAVVPGYVSYENSIKWWGPRLASWGFVVITINTNSIYDDPDSRAAQLNAALDNMIADDTVGSMIDPKRLGAIGWSMGGGGALKLATERSTVRAIMPLAPYHDKSYGEVKTPTLVIACEDDRIAETKKYANAFYKNAIGPKMKVEVNNGSHFCPSYRFNEILLSKPGIAWMQRYINNDTRFDKFLCANENYSKSPRISAYDYKDCP
147,QTNPYARGPNPTAASLEASAGPFTVRSFTVSRPSGYGAGTVYYPTNAGGTVGAIAIVPGYTARQSSIKWWGPRLASHGFVVITIDTNSTLDQPSSRSSQQMAALRQVASLNGTSSSPIYGKVDTARMGVMGWSMGGGGSLISAANNPSLKAAAPQAPWDSSTNFSSVTVPTLIFACENDSIAPVNSSALPIYDSMSRNAKQFLEINGGSHSCANSGNSNQALIGKKGVAWMKRFMDNDTRYSTFACENPNSTRVSDFRTANCS
148,EVTLSETTVSSIKSEATVSSTKKALPATPSDCIADSKITAVALSDTRDNGPFSIRTKRISRQSAKGFGGGTIHYPTNASGCGLLGAIAVVPGYVSYENSIKWWGPRLASWGFVVITINTNSIYDDPDSRAAQLNAALDNMIADDTVGSMIDPKRLGAIGWSMGGGGALKLATERSTVRAIMPLAPYHDKSYGEVKTPTLVIACEDDRIAETKKYANAFYKNAIGPKMKVEVNNGSHFCPSYRFNEILLSKPGIAWMQRYINNDTRFDKFLCANENYSKSPRISAYDYKDCP
149,WTPSPTPNPDPIPDPTPCQDDCDFTRGPNPTPSSLEASTGPYSVATRSVASSVSGFGGGTLHYPTNTTGTMGAIAVVPGFLLQESSIDFWGPKLASHGFVVITISANSGFDQPASRATQLGRALDYVINQSNGSNSPISGMVDTTRLGVVGWSMGGGGALQLASGDRLSAAIPIAPWNQGGNRFDQIETPTLVIACENDVVASVNSHASPFYNRIPSTTDKAYLEINGGSHFCANDGGSIGGLLGKYGVSWMKRFIDNDLRYDAFLCGPDHAANRSVSEYRDTCNY
150,QTNPYARGPNPTAASLEASAGPFTVRSFTVSRPSGYGAGTVYYPTNAGGTVGAIAIVPGYTARQSSIKWWGPRLASHGFVVITIDTNSTLDQPSSRSSQQMAALRQVASLNGTSSSPIYGKVDTARMGVMGWSMGGGGSLISAANNPSLKAAAPQAPWDSSTNFSSVTVPTLIFACENDSIAPVNSSALPIYDSMSRNAKQFLEINGGSHSCANSGNSNQALIGKKGVAWMKRFMDNDTRYSTFACENPNSTRVSDFRTANCS
151,QTNPYQRGPDPTTRDLEDSRGPFRYASTNVRSPSGYGAGTIYYPTDVSGSVGAVAVVPGYLARQSSIRWWGPRLASHGFVVITLDTRSTSDQPASRSAQQMAALRQVVALSETRSSPIYGKVDPNRLAVMGWSMGGGGTLISARDNPSLKAAVPFAPWHNTANFSGVQVPTLVIACENDTVAPISRHASSFYNSFSSSLAKAYLEINNGSHTCANTGNSNQALIGKYGVAWIKRFVDNDTRYSPFLCGAPHQADLRSSRLSEYRESCPY
152,QVVVFEETFSTGLGKFTAAGSVVTSSGAARLDGCYGCTDGSITSTAISTVDFTGLRLSFDRVTSGLDSGEAGIAEFSTNGSTYTAVESIRTASGRVTFNLPTSAENQSGLRLRFRINASLSSETYTVDNIRLEGTSGSGGGTTNPFEKGPDPTKTMLEASTGPFTYTTTTVSSTTASGYRQGTIYHPTNVTGPFAAVAVVPGYLASQSSINWWGPRLASHGFVVITIDTNSTSDQPPSRATQLMAALNQLKTFSNTSSHPIYRKVDPNRLGVMGWSMGGGGTLIAARDNPTLKAAIPFAPWNSSTNFSTVSVPTLIIACESDSTAPVNSHASPFYNSLPSTTKKAYLEMNNGSHSCANSGNSNAGLIGKYGVSWMKRFMDNDTRFSPYLCGAPHQADLSLTAIDEYRENCPY
153,NNPAPTDPGDSGGGSAYQRGPDPSVSFLEADRGQYSVRTSRVSSLVSGFGGGTIHYPAGTTGTMAAIVVIPGFVSAESSIDWWGPKLASYGFVVMTIDTNTGFDQPASRGRQINNALDYLVGQNTSSSSPVRGMIDTDRLGVIGWSMGGGGTLRVAREGRIKAAIPLAPWDTTSYYAGRSQAPTLIFACESDVIAPVYQHASPFYNALPSSIDKAFVEINNGSHYCGNGGSIYNDVLSRFGVSWMKLHLDEDARYKQFLCGPNHTSDSQISDYRGNCPY
154,QYQKGPDPTASALERNGPFAIRSTSVSRTSVSGFGGGRLYYPTASGTYGAIAVSPGFTGTSSTMTFWGERLASHGFVVLVIDTITLYDQPDSRARQLKAALDYLATQNGRSSSPIYRKVDTSRRAVAGHSMGGGGSLLAARDNPSYKAAIPMAPWNTSSTAFRTVSVPTMIFGCQDDSIAPVFSHAIPFYNAIPNSTRKNYVEIRNDDHFCVMNGGGHDATLGKLGISWMKRFVDNDTRYSPFVCGAEYNRVVSSYEVSRSYNNCPY
155,ANPPGGDPDPGCQTDCNYQRGPDPTDAYLEAASGPYTVSTIRVSSLVPGFGGGTIHYPTNAGGGKMAGIVVIPGYLSFESSIEWWGPRLASHGFVVMTIDTNTIYDQPSQRRDQIEAALQYLVNQSNSSSSPISGMVDSSRLAAVGWSMGGGGTLQLAADGGIKAAIALAPWNSSINDFNRIQVPTLIFACQLDAIAPVALHASPFYNRIPNTTPKAFFEMTGGDHWCANGGNIYSALLGKYGVSWMKLHLDQDTRYAPFLCGPNHAAQTLISEYRGNCPY
156,ANPYERGPNPTDALLEARSGPFSVSEENVSRLSASGFGGGTIYYPRENNTYGAVAISPGYTGTEASIAWLGERIASHGFVVITIDTITTLDQPDSRAEQLNAALNHMINRASSTVRSRIDSSRLAVMGHSMGGGGSLRLASQRPDLKAAIPLTPWHLNKNWSSVTVPTLIIGADLDTIAPVATHAKPFYNSLPSSISKAYLELDGATHFAPNIPNKIIGKYSVAWLKRFVDNDTRYTQFLCPGPRDGLFGEVEEYRSTCPF
157,QSNPYQRGPNPTRSALTADGPFSVATYTVSRLSVSGFGGGVIYYPTGTSLTFGGIAMSPGYTADASSLAWLGRRLASHGFVVLVINTNSRFDYPDSRASQLSAALNYLRTSSPSAVRARLDANRLAVAGHSMGGGGTLRIAEQNPSLKAAVPLTPWHTDKTFNTSVPVLIVGAEADTVAPVSQHAIPFYQNLPSTTPKVYVELDNASHFAPNSNNAAISVYTISWMKLWVDNDTRYRQFLCNVNDPALSDFRTNNRHCQ
158,MPDPTPCQDDCDFTRGPNPTPSSLEASTGPYSVATRSVASSVSGFGGGTLHYPTNTTGTMGAIAVVPGFLLQESSIDFWGPKLASHGFVVITISANSGFDQPASRATQLGRALDYVINQSNGSNSPISGMVDTTRLGVVGWSMGGGGALQLASGDRLSAAIPIAPWNQGGNRFDQIETPTLVIACENDVVASVNSHASPFYNRIPSTTDKAYLEINGGSHFCANDGGSIGGLLGKYGVSWMKRFIDNDLRYDAFLCGPDHAANRSVSEYRDTCNY
159,NNPAPTDPGDSGGGSAYQRGPDPSVSFLEADRGQYSVRTSRVSSLVSGFGGGTIHYPAGTTGTMAAIVVIPGFVSAESSIDWWGPKLASYGFVVMTIDTNTGFDQPASRGRQINNALDYLVGQNTSSSSPVRGMIDTDRLGVIGWSMGGGGTLRVAREGRIKAAIPLAPWDTTSYYAGRSQAPTLIFACESDVIAPVYQHASPFYNALPSSIDKAFVEINNGSHYCGNGGSIYNDVLSRFGVSWMKLHLDEDARYKQFLCGPNHTSDSQISDYRGNCPY
160,QYQKGPDPTASALERNGPFAIRSTSVSRTSVSGFGGGRLYYPTASGTYGAIAVSPGFTGTSSTMTFWGERLASHGFVVLVIDTITLYDQPDSRARQLKAALDYLATQNGRSSSPIYRKVDTSRRAVAGHSMGGGGSLLAARDNPSYKAAIPMAPWNTSSTAFRTVSVPTMIFGCQDDSIAPVFSHAIPFYNAIPNSTRKNYVEIRNDDHFCVMNGGGHDATLGKLGISWMKRFVDNDTRYSPFVCGAEYNRVVSSYEVSRSYNNCPY
161,ANPPGGDPDPGCQTDCNYQRGPDPTDAYLEAASGPYTVSTIRVSSLVPGFGGGTIHYPTNAGGGKMAGIVVIPGYLSFESSIEWWGPRLASHGFVVMTIDTNTIYDQPSQRRDQIEAALQYLVNQSNSSSSPISGMVDSSRLAAVGWSMGGGGTLQLAADGGIKAAIALAPWNSSINDFNRIQVPTLIFACQLDAIAPVALHASPFYNRIPNTTPKAFFEMTGGDHWCANGGNIYSALLGKYGVSWMKLHLDQDTRYAPFLCGPNHAAQTLISEYRGNCPY
162,ANPYERGPNPTDALLEARSGPFSVSEENVSRLSASGFGGGTIYYPRENNTYGAVAISPGYTGTEASIAWLGERIASHGFVVITIDTITTLDQPDSRAEQLNAALNHMINRASSTVRSRIDSSRLAVMGHSMGGGGSLRLASQRPDLKAAIPLTPWHLNKNWSSVTVPTLIIGADLDTIAPVATHAKPFYNSLPSSISKAYLELDGATHFAPNIPNKIIGKYSVAWLKRFVDNDTRYTQFLCPGPRDGLFGEVEEYRSTCPF
163,QSNPYQRGPNPTRSALTADGPFSVATYTVSRLSVSGFGGGVIYYPTGTSLTFGGIAMSPGYTADASSLAWLGRRLASHGFVVLVINTNSRFDYPDSRASQLSAALNYLRTSSPSAVRARLDANRLAVAGHSMGGGGTLRIAEQNPSLKAAVPLTPWHTDKTFNTSVPVLIVGAEADTVAPVSQHAIPFYQNLPSTTPKVYVELDNASHFAPNSNNAAISVYTISWMKLWVDNDTRYRQFLCNVNDPALSDFRTNNRHCQ
164,QTNPYQRGPDPTVSSLEATRGPFSTSSFTVSRPSGYGAGTVYYPTNAGGKVGAIAVVPGYTARQSSINWWGPRLASHGFVVITIDTNSTLDQPSSRSSQQMAALRQVVSLAGTSSSPIYNKVDTARLGVMGWSMGGGGSLISAKNNPSLRAAAPQAPWAQESFSSVTVPTLIVSCENDSIAPNSSHSFPFYNQMTRNKKANLVINGGSHSCANSGNSDAGLIGKYGVAWMKRFMDDDTRYSKFLCGAEHQADLSKRAVEAYKENCPY
165,QTNPYARGPNPTAASLEASAGPFTVRSFTVSRPSGYGAGTVYYPTNAGGTVGAIAIVPGYTARQSSIKWWGPRLASHGFVVITIDTNSTLDQPSSRSSQQMAALRQVASLNGTSSSPIYGKVDTARMGVMGWSMGGGGSLISAANNPSLKAAAPQAPWDSSTNFSSVTVPTLIFACENDSIAPVNSSALPIYDSMSRNAKQFLEINGGSHSCANSGNSNQALIGKKGVAWMKRFMDNDTRYSTFACENPNSTRVSDFRTANCS
166,QTNPYQRGPDPTVSSLEATRGPFSTSSFTVSRPSGYGAGTVYYPTNAGGKVGAIAVVPGYTARQSSINWWGPRLASHGFVVITIDTNSTLDQPSSRSSQQMAALRQVVSLAGTSSSPIYNKVDTARLGVMGWSMGGGGSLISAKNNPSLRAAAPQAPWAQESFSSVTVPTLIVSCENDSIAPNSSHSFPFYNQMTRNKKANLVINGGSHSCANSGNSDAGLIGKYGVAWMKRFMDDDTRYSKFLCGAEHQADLSKRAVEAYKENCPY
167,QTNPYARGPNPTAASLEASAGPFTVRSFTVSRPSGYGAGTVYYPTNAGGTVGAIAIVPGYTARQSSIKWWGPRLASHGFVVITIDTNSTLDQPSSRSSQQMAALRQVASLNGTSSSPIYGKVDTARMGVMGWSMGGGGSLISAANNPSLKAAAPQAPWDSSTNFSSVTVPTLIFACENDSIAPVNSSALPIYDSMSRNAKQFLEINGGSHSCANSGNSNQALIGKKGVAWMKRFMDNDTRYSTFACENPNSTRVSDFRTANCS
168,QTNPYARGPNPTAASLEASAGPFTVRSFTVSRPSGYGAGTVYYPTNAGGTVGAIAIVPGYTARQSSIKWWGPRLASHGFVVITIDTNSTLDQPSSRSSQQMAALRQVASLNGTSSSPIYGKVDTARMGVMGWSMGGGGSLISAANNPSLKAAAPQAPWDSSTNFSSVTVPTLIFACENDSIAPVNSSALPIYDSMSRNAKQFLEINGGSHSCANSGNSNQALIGKKGVAWMKRFMDNDTRYSTFACENPNSTRVSDFRTANCS
169,QTNPYQRGPDPTTRDLEDSRGPFRYASTNVRSPSGYGAGTIYYPTDVSGSVGAVAVVPGYLARQSSIRWWGPRLASHGFVVITLDTRSTSDQPASRSAQQMAALRQVVALSETRSSPIYGKVDPNRLAVMGWSMGGGGTLISARDNPSLKAAVPFAPWHNTANFSGVQVPTLVIACENDTVAPISRHASSFYNSFSSSLAKAYLEINNGSHTCANTGNSNQALIGKYGVAWIKRFVDNDTRYSPFLCGAPHQADLRSSRLSEYRESCPY
170,QTNPYQRGPDPTVSSLEATRGPFSTSSFTVSRPSGYGAGTVYYPTNAGGKVGAIAVVPGYTARQSSINWWGPRLASHGFVVITIDTNSTLDQPSSRSSQQMAALRQVVSLAGTSSSPIYNKVDTARLGVMGWSMGGGGSLISAKNNPSLRAAAPQAPWAQESFSSVTVPTLIVSCENDSIAPNSSHSFPFYNQMTRNKKANLVINGGSHSCANSGNSDAGLIGKYGVAWMKRFMDDDTRYSKFLCGAEHQADLSKRAVEAYKENCPY
171,VQIGPAPTKASLEASRGPFTVATTRLSANGHGGGTIYYPTNAGAKVGVIAIVPGYLSYQSSIEWWGPRLASHGFAVVTIDTLTIYDQPSSRSSQQLRALDQVVALGSKSTSPLYNKVDGSRTGVMGWSMGGGGSLISAQNRPSIKAAAPQAPWNTTSNFSSLTVPTLIFACQADVVAPILSHAVPFYNSMSRNPKQYLERTAGDHFCFNNANPTVGLKGVAWMKRFIDGDTRYTSFACSNPNALGFSSFRTERCS
172,TNPPTDEPTNPGQSYERGPDPTVAFLEASSGPYSVRTSRVSGLVSGFGGGTIHYPTGTTGTMAAIVVIPGFVSAESSIDWWGPKLASHGFVVMTIDTNTGFDQPPSRARQINNALDYLVDQNSSRTSPVNGMIDTERLGVIGWSMGGGGTLRVASEGRIKAAIPLAPWDTTRFSGVQAPTLIFACESDLIAPVRSHASPFYNQLPNDIDKAYVEINNGSHYCANGGGLNNDVLSRFGVSWMKRFLDNDTRYSQFLCGPRHESDRKISEYRGNCPY
173,VNPPTDGPTDPDQAYERGPDPSVAFLEAPTGPHSVRTSRVSGLVSGFGGGTIHYPTGTTGTMAAIVVIPGFVSAESSIEWWGPKLASHGFVVMTIDTNTGFDQPPSRARQINNALDYLVSQNTSRTSPVNGMIDTERLGVIGWSMGGGGTLRVASEGRIKAAIPLAPWDTTRFRGVQAPTLIFACESDLIAPVRSHASPFYNQLPDDIDKAYVEINNGSHYCANGGGLNNDVLSRFGVSWMKRFLDNDTRYSQFLCGPNHESDRNISEYRGNCPY
174,FSAPGPSAPCSNCTRGPAPTANALKASTGPFSTARFSVSGFLKGFGDSTVYYPTNTTGKMGAIAVIPGYLSYESSIEWWGPRLASHGFVVMTMNTETIYDQPDSRASQLSEALDYLIAQSKSSSSPLYNKIDSTRLGAIGWSMGGGGSLKLSTQRSINAIIPQAPWYFGSNSFNTIKTPALILACSADTVAPVAAHASPFYNRIPASTPKAFLEIYGGSHFCANSGYPNEDLLGMYGIAWMKRFIDFDSRYSQFLCGPNHEGDLAISEYRENCPY
175,QTNPYERGPAPTTSSLEASRGPFSYQSFTVSRPSGYRAGTVYYPTNAGGPVGAIAIVPGFTARQSSINWWGPRLASHGFVVITIDTNSTLDQPDSRSRQQMAALSQVATLSRTSSSPIYNKVDTSRLGVMGWSMGGGGSLISARNNPSIKAAAPQAPWSASKNFSSLTVPTLIIACENDTIAPVNQHADTFYDSMSRNPREFLEINNGSHSCANSGNSNQALLGKKGVAWMKRFMDNDRRYTSFACSNPNSYNVSDFRVAACN
176,TNPPVDEPTDPGDSYARGPDPTVAFLEASSGPYSTRTSRVSGLVSGFGGGTIHYPTGTTGTMAAIVVIPGFVSAESSIDWWGPKLASHGFVVMTIDTNTGFDQPPSRARQINNALDYLVDQNSRRTSPVNGMIDTDRLGVIGWSMGGGGTLRVASQGRIKAAIPLAPWDTTNARSVQAPTLIFACQADIIAPVGVHASPFYNQLPNDIEKAYVEISGGSHYCANGGGLNNDVLSRLGVSWMKRFLDNDTRYSQFLCGPNHTSDRRVSEYRGNCPY
177,NNPPPPDDPGAPSPYQRGPDPTVSFVEASRGNYRVATSNVSSLVSGFGGGTIHYPSNATGTMGAIVVIPGYVSGEGSIDWWGPKLASYGFVVMTIGTNSGFDQPPSRARQINNALDYLVEQNTRTGSPVRGMIDPSRLGVIGWSMGGGGTIRVAGEGRIKAAIPLAPWDTSSIPSRGVQAPTLIFACQSDVVAPVRSHASPFYNALPGSISKAFVNLNNGNHFCANGGSSFGRYDAALGRLGVSWMKRFLDEDRRYSQFLCGPNHTGDRQITEYRGNCPY
178,QTNPYARGPNPTAASLEASAGPFTVRSFTVSRPSGYGAGTVYYPTNAGGTVGAIAIVPGYTARQSSIKWWGPRLASHGFVVITIDTNSTLDQPSSRSSQQMAALRQVASLNGTSSSPIYGKVDTARMGVMGWSMGGGGSLISAANNPSLKAAAPQAPWDSSTNFSSVTVPTLIFACENDSIAPVNSSALPIYDSMSRNAKQFLEINGGSHSCANSGNSNQALIGKKGVAWMKRFMDNDTRYSTFACENPNSTRVSDFRTANCS
179,NNPPPPDDPGAPSPYQRGPDPTVSFVEASRGNYRVATSNVSSLVSGFGGGTIHYPSNATGTMGAIVVIPGYVSGEGSIDWWGPKLASYGFVVMTIGTNSGFDQPPSRARQINNALDYLVEQNTRTGSPVRGMIDPSRLGVIGWSMGGGGTIRVAGEGRIKAAIPLAPWDTSSIPSRGVQAPTLIFACQSDVVAPVRSHASPFYNALPGSISKAFVNLNNGNHFCANGGSSFGRYDAALGRLGVSWMKRFLDEDRRYSQFLCGPNHTGDRQITEYRGNCPY
180,ANPYERGPNPTDALLEASSGPFSVSEENVSRLSASGFGGGTIYYPRENNTYGAVAISPGYTGTEASIAWLGERIASHGFVVITIDTITTLDQPDSRAEQLNAALNHMINRASSTVRSRIDSSRLAVMGHSMGGGGTLRLASQRPDLKAAIPLTPWHLNKNWSSVTVPTLIIGADLDTIAPVATHAKPFYNSLPSSISKAYLELDGATHFAPNIPNKIIGKYSVAWLKRFVDNDTRYTQFLCPGPRDGLFGEVEEYRSTCPF
181,CPDAILIFARGSTEPGNMGITVGPALANGLESHIRNIWIQGVGGPYDAALATNFLPRGTSQANIDEGKRLFALANQKCPNTPVVAGGYSQGAALIAAAVSELSGAVKEQVKGVALFGYTQNLQNRGGIPNYPRERTKVFCNVGDAVCTGTLIITPAHLSYTIEARGEAARFLRDRIRA
183,APAPNVPGGERVCAYTSGLSSLSYASARVTYPCTLSKAAYPATTLTGGFSNTKEQMTWLSEHLSSHGYIVITITPRNIFGAPTGWESAHKAGIAKLRSERSRRASPLYNKLDPSKFALTGFSMGGGGALLAAADLGSQVKVAVPMAPFLGSNNPNYSAITAKVLIQAGANDTVANPSTVASYYQSLPTGISRALTTFRSASHLDWINTGNTNRQARLKTLVTSWLKVYLDGNSDYATYLDGAEHSRHLAEDWFTRFEYVR
184,QTNPYARGPNPTAASLEASAGPFTVRSFTVSRPSGYGAGTVYYPTNAGGTVGAIAIVPGYTARQSSIKWWGPRLASHGFVVITIDTNSTLDQPSSRSSQQMAALRQVASLNGTSSSPIYGKVDTARMGVMGWSMGGGGSLISAANNPSLKAAAPQAPWDSSTNFSSVTVPTLIFACENDSIAPVNSSALPIYDSMSRNAKQFLEINGGSHSCANSGNSNQALIGKKGVAWMKRFMDNDTRYSTFACENPNSTRVSDFRTANCS
185,MAACTDIDVVSARGTFEPGTLGFIVGDPVYAALQKKVAGKSLSSYKVNYPADLSPTSAAQGNADLVNHVRSQAASCPNQRFVLVGYSQGANVVDNSIGISSAGAVVGSPIVATLPAALEPRVSAVLLFGNPIRAIGKSVTGTYQSRTIDFCAAGDPVCENGGGDVGAHLGYRANADAAAAFAATKI
186,AAVHGPDPTDALLEASRGPYATRQVDVSSLLVSGFGGGTIYYPTTTSEGTFGGVAIAPGYTADKSSLAWLAARLASHGFVVFNIDTLTRLDQPDSRGRQLLAALDYLTERSSVRGRVDASRLGVMGHSMGGGGTLEAVDGRPSLRAAVPLTPWNLDKTWPGVQTPTLIIGADNDTVAPVSSHAVPFYTSLPSSLDKAYLELNNATHFAPNTTNTTIGKYAVAWMKRFVDDDTRYDRFLCPGPSRGLTVEEYRSTCPF
187,QSNPYQRGPNPTRSALTADGPFSVATYTVSRLSVSGFGGGVIYYPTGTSLTFGGIAMSPGYTADASSLAWLGRRLASHGFVVLVINTNSRFDYPDSRASQLSAALNYLRTSSPSAVRARLDANRLAVAGHSMGGGGTLRIAEQNPSLKAAVPLTPWHTDKTFNTSVPVLIVGAEADTVAPVSQHAIPFYQNLPSTTPKVYVELDNASHFAPNSNNAAISVYTISWMKLWVDNDTRYRQFLCNVNDPALSDFRTNNRHCQ
188,AQNPHERGPDPSNSYIEQARGSYSVSQRSISRLGSDGFRDGTMYYPTSTADGRFGVVAISPGYTASESTIAWLGPRLASFGFVVVTINTDSRYDQPRQRATQLHAALDHAIGDSVVGPRIDTSRQAVMGHSMGGGGALQAAEERDEIRAAVPLTPWNLKKGWSGVDAATLVIGAENDAIAPVRSHSIPFYESLTNAERRAYLELRREGHFAPNSSNTLIAKYSVSWLKRYVDNDLRYDQFIDPGPRTGITTGVSDYRLG
189,CGTTTSTLTTPAVTPQTLSGAATNPYERGPAPTTALLEAARGPYATASTTVPRSSVSDFGGATIYYPTSTADGTFGGVAISPGYTGTQASVAWLGPRLASHGFVVIVIDTLSRYDYPSSRGDQLRAALRYLTTSSAVRTRVDATRLAVMGHSMGGGGALEAAKDNPALKAAIPLTPWNTDKSWPELTTPTLIFGAQNDSVAPVSSHAIPFYTSLASTLPKAYLELRGASHGAPTSTNTTIAKYAVAWLKRFEDADRRYDPFLCPTPAVSTLLSDARSTCPFN
191,CGTTTSTLTTPAVTPQTLSGAATNPYERGPAPTTALLEAARGPYATASTTVPRSSVSDFGGATIYYPTSTADGTFGGVAISPGYTGTQASVAWLGPRLASHGFVVIVIDTLSRYDYPSSRGDQLRAALRYLTTSSAVRTRVDATRLAVMGHSMGGGGALEAAKDNPALKAAIPLTPWNTDKSWPELTTPTLIFGAQNDSVAPVSSHAIPFYTSLASTLPKAYLELRGASHGAPTSTNTTIAKYAVAWLKRFEDADRRYDPFLCPTPAVSTLLSDARSTCPFN
193,CGTTTSTLTTPAVTPQTLSGAATNPYERGPAPTTALLEAARGPYATASTTVPRSSVSDFGGATIYYPTSTADGTFGGVAISPGYTGTQASVAWLGPRLASHGFVVIVIDTLSRYDYPSSRGDQLRAALRYLTTSSAVRTRVDATRLAVMGHSMGGGGALEAAKDNPALKAAIPLTPWNTDKSWPELTTPTLIFGAQNDSVAPVSSHAIPFYTSLASTLPKAYLELRGASHGAPTSTNTTIAKYAVAWLKRFEDADRRYDPFLCPTPAVSTLLSDARSTCPFN
195,MALYPSARWVLDRMAERGTRPFNEVPVERARQQFDAMMAGAPRPEVARTEDRTVPGPAGDIPVRIYWPQQQTLPLLLVYFHGGGWIMGSIESHDPTCRAIANVAGCIVVSVGYRLAPEHKFPEPLEDCYAAVRWAEENAASLGADPSLLAVGGDSAGGNLAAAVSLLARDRGGPRLAHQVLAYPVLSHGAAFPSYEENADGYFLTREMMLYCWRQYLRDEKDGDDPYASPLKASELSGLPTATIITAEHDPLRDEAEAYGVRLAQAGVPNYCLRYVGMIHGFLSLDNLLPPGRHALWSVATGLRLAATETHKRA
196,MVTVNEVSDEARLRALVDRVTGLMTELGVPGVAVGILHGDREYTAGFGVTSLENPLPVTAGTLFQVGSITKTFTGTALMRLVEAGRIRLEDPVRKYLPDFRVKDASVSAAVTVRHLLTHTGGWVGDYFEDFGLGDDALARMVAAMADLPQITPPDTVWAYNNAGFYVAGRIVEVVTGKPYESALRELVLDPLDLEHAYFFAHDVISYRFAVGHLTGEAGPFVARPWALPRCANPVGGLITSVRELFKYARFHLGSGPNILSAEARRLMQTPAGAADAGRLMGITWFIQPVDGDIRLVGHGGGTNGQITLFNFVPGRNFAVCVLTNSDRGGAINAEVTRWAVESFLGAAWPEPEIYSLPPERLATWAGRYEGVLSDIELVLEGDWLVLKQTPKGGFPRKDSPPRPAPPPSRLGFYAPDRVVALDLPLKGSRGEFLRGPDGSIAWFRFGGRLFRPGQ
197,MALDPGAAALLQQMAQAGVPPFNQMTVQQARQSMTGLAGTAPKYPVAKVEDRTIPGPAGQIPVRIYWPISGQKVGLVVYYHGGGWVICDLETHDGTCRQLANASDCIVMSVDYRLAPEHKFPAAVEDCYAAAAWAAENAATFGVDPSRLVVAGDSAGGNLAAVVALLAKERGGPRLAHQVLIYPVTDYSFDRPSYRENAEGYLLTRDAMEWFWRHYLNSDADGQNPLASPLRAPDLRGLPSATVITAEYDPLRDEGEAYAQRLMEAGVPTTCVRYLGQIHGFVTLEHVLPAGRQALLALGATIKGVLTGALGGQPAAA
198,MIKPVTFMSEGEQIIGVLHVPDDLRGDKRAPAIAMFHGFTGNKSEAHRLFVHVARSLCNDGFVVLRFDFRGSGDSDGEFEDMTVPGEVCDASRSIDFLSELNFVDSERIGVLGLSMGGRVAAILASKDRRIKFVILYSAALTPLRRKFLEGLEKESIRRLEMGEAVHVGNGWYLKKGFFETVDSIVPLDVLDRIRVPVLIIHGDSDSVIPLDGALKGYEIIRDLNDKNELYIVRGGDHVFTRREHTIEVIERTLDWLRSLNL
199,QSNPYQRGPNPTRSALTADGPFSVATYTVSRLSVSGFGGGVIYYPTGTSLTFGGIAMSPGYTADASSLAWLGRRLASHGFVVLVINTNSRFDYPDSRASQLSAALNYLRTSSPSAVRARLDANRLAVAGHSMGGGGTLRIAEQNPSLKAAVPLTPWHTDKTFNTSVPVLIVGAEADTVAPVSQHAIPFYQNLPSTTPKVYVELDNASHFAPNSNNAAISVYTISWMKLWVDNDTRYRQFLCNVNDPALSDFRTNNRHCQ
200,QTNPYARGPNPTAASLEASAGPFTVRSFTVSRPSGYGAGTVYYPTNAGGTVGAIAIVPGYTARQSSIKWWGPRLASHGFVVITIDTNSTLDQPSSRSSQQMAALRQVASLNGTSSSPIYGKVDTARMGVMGWSMGGGGSLISAANNPSLKAAAPQAPWDSSTNFSSVTVPTLIFACENDSIAPVNSSALPIYDSMSRNAKQFLEINGGSHSCANSGNSNQALIGKKGVAWMKRFMDNDTRYSTFACENPNSTRVSDFRTANCS
201,CPDAILIFARGSTEPGNMGITVGPALANGLESHIRNIWIQGVGGPYDAALATNFLPRGTSQANIDEGKRLFALANQKCPNTPVVAGGYSQGAALIAAAVSELSGAVKEQVKGVALFGYTQNLQNRGGIPNYPRERTKVFCNVGDAVCTGTLIITPAHLSYTIEARGEAARFLRDRIRA
203,QSNSTVDSLPPLIPSRTSAPSSSPSTTDPEAPAMSRNGPLPSDVETKYGMALNATSYPDSVVQAMSIDGGIRAATSQEINELTYYTTLSANSYCRTVIPGATWDCIHCDATEDLKIIKTWSTLIYDTNAMVARGDSEKTIYIVFRGSSSIRNWIADLTFVPVSYPPVSGTKVHKGFLDSYGEVQNELVATVLDQFKQYPSYKVAVTGHSLGGATALLCALDLYQREEGLSSSNLFLYTQGQPRVGDPAFANYVVSTGIPYRRTVNERDIVPHLPPAAFGFLHAGEEYWITDNSPETVQVCTSDLETSDCSNSIVPFTSVLDHLSYFGINTGLCT
204,MADNPFERGPNPSESLIEQRRGNYDIAQRSISRFSSDGFRDGTIYHPTDTSDGKFGVIAISPGYTAGESSIAWLGSRIASFGFVVVTINTTTRYDQPRQRSTQLLAALDHAMNDSVVGPLIDPERQAVMGHSMGGGGALQAAESRPEIDAVVALTPWNLKKNWDGVDAATLIIGAERDTVASVRTHSIPFYESLTQAEQRGYLELRGASHFAPNVSNTTIAKYSIAWMKRYLDNDDRYDQFLNPGPAVGYASGVSDYRLQ
205,APSPSAPCSNCTRGPNPTEASLKANSGPFSVSRFSVSGFLRGFGSSTVYYPTNTTGKMGAIAVIPGYLSYESSIEWWGPRLASHGFVVMTMNTNTIYDQPDSRANQLSSALDYLISQSNSRTSPLYNKIDSTRLGAIGWSMGGGGSLKLSTQRSINAIIPQAPYYAGFNRFDEIKTPALILACESDVVAPVAIHASPFYNRLPNSTPKAFLEINNGSHFCANSGYPDERLLGMYGIAWMKRFIDFDTRYSQFLCGPNHTADYSISEYRQNCPY
206,APSAPCSNCTRGPAPTVASLKASSGPFSTAKFSVSGYLRGFGSSTVYYPTNTTGKMGAIAVIPGYLSYESSIEWWGPRLASHGFVVMTMNTNTIYDQPDSRADQLSSALDYLISQSNSRTSPLYNKIDSTRLGAIGWSMGGGGSLKLSTQRSINAIIPQAPWYSGYNTFNQITTPALILACESDVVAPVASHASPFYNRIPNSTPKAFLEINNGSHFCANSGYPDEALLGLYGISWMKRFIDFDTRYSQFLCGPNHTADYSISEYRQNCPY
207,QTNPLAKGPDPTNASIQAEGFPAVSTQTVAGNGFGGGTVYSPNAAGQYALVAMCPGFTANQSSVAALGRRLATHGFVVVTINTNSSLDFPPSRGTQLLAALRTVTGLTTGPVAGKVDPARWAVAGHSMGGGGTLYASETNTTLKAGVPLAPFSFDAGFTTSVPQLLIPAQRDTVAPPSSHANPMFTGMPNPTPKVNAELAGASHSFPTGSTVHQPSSKLHIAWIKRFADNDTRYDQFLTAAGLQTEVTT
208,QTNPYARGPNPTAASLEASAGPFTVRSFTVSRPSGYGAGTVYYPTNAGGTVGAIAIVPGYTARQSSIKWWGPRLASHGFVVITIDTNSTLDQPSSRSSQQMAALRQVASLNGTSSSPIYGKVDTARMGVMGWSMGGGGSLISAANNPSLKAAAPQAPWDSSTNFSSVTVPTLIFACENDSIAPVNSSALPIYDSMSRNAKQFLEINGGSHSCANSGNSNQALIGKKGVAWMKRFMDNDTRYSTFACENPNSTRVSDFRTANCS
209,QTAITGDELRTGPCEPITFIFARGSTEPGLLGITTGPGVCNALKLSRPGQVACQGVGPAYTADLASNFLPQGTSQIAIDEAAGLFKLAASKCPDTKIVAGGYSQGAAVMHGAIRNLPSNVQNMIKGVVLFGDTRNKQDGGRIPNFPTDRTKIYCAFGDLVCDGTLIITAAHLSYGDDVPNATSFLLSKV
210,CPDAILIFARGSTEPGNMGITVGPALANGLESHIRNIWIQGVGGPYDAALATNFLPRGTSQANIDEGKRLFALANQKCPNTPVVAGGYSQGAALIAAAVSELSGAVKEQVKGVALFGYTQNLQNRGGIPNYPRERTKVFCNVGDAVCTGTLIITPAHLSYTIEARGEAARFLRDRIRA
211,AEHNPVVMVHGIGGASYNFFSIKSYLATQGWDRNQLYAIDFIDKTGNNRNNGPRLSRFVKDVLDKTGAKKVDIVAHSMGGANTLYYIKNLDGGDKIENVVTIGGANGLVSSRALPGTDPNQKILYTSVYSSADLIVVNSLSRLIGARNVLIHGVGHIGLLTSSQVKGYIKEGLNGGGQNTN
212,AEHNPVVMVHGIGGASYNFFSIKSYLATQGWDRNQLYAIDFIDKTGNNRNNGPRLSRFVKDVLDKTGAKKVDIVAHSMGGANTLYYIKNLDGGDKIENVVTIGGANGLVSSRALPGTDPNQKILYTSVYSSADLIVVNSLSRLIGARNVLIHGVGHIGLLTSSQVKGYIKEGLNGGGQNTN
214,QTNPYARGPNPTAASLEASAGPFTVRSFTVSRPSGYGAGTVYYPTNAGGTVGAIAIVPGYTARQSSIKWWGPRLASHGFVVITIDTNSTLDQPSSRSSQQMAALRQVASLNGTSSSPIYGKVDTARMGVMGWSMGGGGSLISAANNPSLKAAAPQAPWDSSTNFSSVTVPTLIFACENDSIAPVNSSALPIYDSMSRNAKQFLEINGGSHSCANSGNSNQALIGKKGVAWMKRFMDNDTRYSTFACENPNSTRVSDFRTANCS
215,QLGRTTRDDLINGNSASCRDVIFIYARGSTETGNLGTLGPSIASNLESAFGKDGVWIQGVGGAYRATLGDNALPRGTSSAAIREMLGLFQQANTKCPDATLIAGGYSQGAALAAASIEDLDSAIRDKIAGTVLFGYTKNLQNRGRIPNYPADRTKVFCNTGDLVCTGSLIVAAPHLAYGPDARGPAPEFLIEKVRAVRGSA
216,QSNPYQRGPNPTRSALTADGPFSVATYTVSRLSVSGFGGGVIYYPTGTSLTFGGIAMSPGYTADASSLAWLGRRLASHGFVVLVINTNSRFDYPDSRASQLSAALNYLRTSSPSAVRARLDANRLAVAGHSMGGGGTLRIAEQNPSLKAAVPLTPWHTDKTFNTSVPVLIVGAEADTVAPVSQHAIPFYQNLPSTTPKVYVELDNASHFAPNSNNAAISVYTISWMKLWVDNDTRYRQFLCNVNDPALSDFRTNNRHCQ
217,QLGGSITRNDLANGNSGSCPGVIFIYARGSTESGNLGTLGPRVASKLEAKYGKNGVWIQGVGGAYRATLGDNALPRGTSSAAIREMLGHFSDANQKCPDAVLIAGGYSQGAALAAASVTDVDAGIREKIAGVVLFGYTKNLQNRGKIPSYPEDRTKVFCNTGDLVCTGSLIVAAPHLAYQSAASGAAPEFLIQKADAAGAA
218,QLGGSITRNDLANGNSGSCPGVIFIYARGSTESGNLGTLGPRVASKLEAKYGKNGVWIQGVGGAYRATLGDNALPRGTSSAAIREMLGHFSDANQKCPDAVLIAGGYSQGAALAAASVTDVDAGIREKIAGVVLFGYTKNLQNRGKIPSYPEDRTKVFCNTGDLVCTGSLIVAAPHLAYQSAASGAAPEFLIQKADAAGAA
219,QLGGSITRNDLANGNSGSCPGVIFIYARGSTESGNLGTLGPRVASKLEAKYGKNGVWIQGVGGAYRATLGDNALPRGTSSAAIREMLGHFSDANQKCPDAVLIAGGYSQGAALAAASVTDVDAGIREKIAGVVLFGYTKNLQNRGKIPSYPEDRTKVFCNTGDLVCTGSLIVAAPHLAYQSAASGAAPEFLIQKADAAGAA
220,FSAPGPSAPCSNCTRGPAPTVASLKASSGPFSTAKFSVSGYLKGFGNSTVYYPTNTSGKMGAIAVIPGYLSYESSIEWWGPRLASHGFVVMTMNTNSIYDQPDSRATQLSKALDYLISQSGSSSSPIYGKVDSSRLGAIGWSMGGGGSLKLSTQRSINAIIPQAPWYLGSNTFNTIKTPALILACSADTVAPVYQHASPFYNRIPTSTPKAFLEIYGGSHFCANSGYPNEDLLGMYGIAWMKRFIDFDSRYSQFLCGPNHESDYAISEYRQNCPY
221,ADNPYERGPAPTESSIEATRGPYAVSELSVSSLAVSGFGGGTIYYPTSTADGTFGAVAISPGYTAYQSSIAWLGPRLASQGFVVFTIDTNSTLDQPASRGNQLLAALDYLTQRSAVRGRIDSSRLGVMGHSMGGGGTLEAAKDRPSLQAAVPLTPWNLDKSWPEVRTPTLIFGADGDSIAPVSSHAEPLYSGLPSSLDRAYLELNGATHFTPNSSNTTIAKYSISWLKRFIDNDTRYEQFLCPLPRPSLTIEESRGNCPHTS
222,QTNPYARGPNPTAASLEASAGPFTVRSFTVSRPSGYGAGTVYYPTNAGGTVGAIAIVPGYTARQSSIKWWGPRLASHGFVVITIDTNSTLDQPSSRSSQQMAALRQVASLNGTSSSPIYGKVDTARMGVMGWSMGGGGSLISAANNPSLKAAAPQAPWDSSTNFSSVTVPTLIFACENDSIAPVNSSALPIYDSMSRNAKQFLEINGGSHSCANSGNSNQALIGKKGVAWMKRFMDNDTRYSTFACENPNSTRVSDFRTANCS
223,QSNPYQRGPNPTRSALTADGPFSVATYTVSRLSVSGFGGGVIYYPTGTSLTFGGIAMSPGYTADASSLAWLGRRLASHGFVVLVINTNSRFDYPDSRASQLSAALNYLRTSSPSAVRARLDANRLAVAGHSMGGGGTLRIAEQNPSLKAAVPLTPWHTDKTFNTSVPVLIVGAEADTVAPVSQHAIPFYQNLPSTTPKVYVELDNASHFAPNSNNAAISVYTISWMKLWVDNDTRYRQFLCNVNDPALSDFRTNNRHCQ
224,FSAPGPSAPCSNCTRGPAPTVASLKASSGPFSTAKFSVSGYLKGFGNSTVYYPTNTSGKMGAIAVIPGYLSYESSIEWWGPRLASHGFVVMTMNTNSIYDQPDSRATQLSKALDYLISQSGSSSSPIYGKVDSSRLGAIGWSMGGGGSLKLSTQRSINAIIPQAPWYLGSNTFNTIKTPALILACSADTVAPVYQHASPFYNRIPTSTPKAFLEIYGGSHFCANSGYPNEDLLGMYGIAWMKRFIDFDSRYSQFLCGPNHESDYAISEYRQNCPY
225,ADNPYERGPAPTESSIEATRGPYAVSELSVSSLAVSGFGGGTIYYPTSTADGTFGAVAISPGYTAYQSSIAWLGPRLASQGFVVFTIDTNSTLDQPASRGNQLLAALDYLTQRSAVRGRIDSSRLGVMGHSMGGGGTLEAAKDRPSLQAAVPLTPWNLDKSWPEVRTPTLIFGADGDSIAPVSSHAEPLYSGLPSSLDRAYLELNGATHFTPNSSNTTIAKYSISWLKRFIDNDTRYEQFLCPLPRPSLTIEESRGNCPHTS
226,QTNPYARGPNPTAASLEASAGPFTVRSFTVSRPSGYGAGTVYYPTNAGGTVGAIAIVPGYTARQSSIKWWGPRLASHGFVVITIDTNSTLDQPSSRSSQQMAALRQVASLNGTSSSPIYGKVDTARMGVMGWSMGGGGSLISAANNPSLKAAAPQAPWDSSTNFSSVTVPTLIFACENDSIAPVNSSALPIYDSMSRNAKQFLEINGGSHSCANSGNSNQALIGKKGVAWMKRFMDNDTRYSTFACENPNSTRVSDFRTANCS
227,QSNPYQRGPNPTRSALTADGPFSVATYTVSRLSVSGFGGGVIYYPTGTSLTFGGIAMSPGYTADASSLAWLGRRLASHGFVVLVINTNSRFDYPDSRASQLSAALNYLRTSSPSAVRARLDANRLAVAGHSMGGGGTLRIAEQNPSLKAAVPLTPWHTDKTFNTSVPVLIVGAEADTVAPVSQHAIPFYQNLPSTTPKVYVELDNASHFAPNSNNAAISVYTISWMKLWVDNDTRYRQFLCNVNDPALSDFRTNNRHCQ
228,CPDAILIFARGSTEPGNMGITVGPALANGLESHIRNIWIQGVGGPYDAALATNFLPRGTSQANIDEGKRLFALANQKCPNTPVVAGGYSQGAALIAAAVSELSGAVKEQVKGVALFGYTQNLQNRGGIPNYPRERTKVFCNVGDAVCTGTLIITPAHLSYTIEARGEAARFLRDRIRA
229,QVSSTSNDLENGSSANCPRVILVFARGSTEPGNMGATVGPDLANGLATYFPNDLWVQGVGGAYDATLEANALPLGTTQAAIDEAARLFTLANQKCPSSAVVAGGYSQGTAVIAGALSGLAGSAVQDQVRGAALFGYTRNAQNGGRIPNFPTDRTQVYCNPGDLVCTGTLIVTPAHFGYGVDASVTAPRWLAGQVNGA
230,DAPVARDEALVLLEARQSSSSRSDLENGSSSACPQAILIFARGSTEAGNMGTTVGPILASALEDEYGDGIWIQGVGGAYTAGLAANLLPKGTDQASIDEAKRLFTLANSKCPNTPVVTGGYSQGTAVVGNALTELGSTVQNQVKGAVLFGYTKNQQNSGRIPNYPTDRTRVYCEAEDAVCFGTLIITPAHFLYDDDAAGDAPQFLISKISGN
231,ARIMARQLNTIRNDLERGNANDCPRAIFIFARGTTEPGNMGITTGPILAGALEDNFRRDIWVQGVGGPYEASTAPNFLPRGSSEEAIGEAKRLFALAQSKCPNTAVVAGGYSQGAALIAAAVSDLRGATQEQVKGVVLFGYTKNRQNNGRIPNYPAERTKVFCNIGDAVCDGTLIITPSHFLYNIEARGEAARFLTARVGA
232,CPDAILIFARGSTEPGNMGITVGPALANGLESHIRNIWIQGVGGPYDAALATNFLPRGTSQANIDEGKRLFALANQKCPNTPVVAGGYSQGAALIAAAVSELSGAVKEQVKGVALFGYTQNLQNRGGIPNYPRERTKVFCNVGDAVCTGTLIITPAHLSYTIEARGEAARFLRDRIRA
233,QVSSTSNDLENGSSANCPRVILVFARGSTEPGNMGATVGPDLANGLATYFPNDLWVQGVGGAYDATLEANALPLGTTQAAIDEAARLFTLANQKCPSSAVVAGGYSQGTAVIAGALSGLAGSAVQDQVRGAALFGYTRNAQNGGRIPNFPTDRTQVYCNPGDLVCTGTLIVTPAHFGYGVDASVTAPRWLAGQVNGA
234,DAPVARDEALVLLEARQSSSSRSDLENGSSSACPQAILIFARGSTEAGNMGTTVGPILASALEDEYGDGIWIQGVGGAYTAGLAANLLPKGTDQASIDEAKRLFTLANSKCPNTPVVTGGYSQGTAVVGNALTELGSTVQNQVKGAVLFGYTKNQQNSGRIPNYPTDRTRVYCEAEDAVCFGTLIITPAHFLYDDDAAGDAPQFLISKISGN
235,ARIMARQLNTIRNDLERGNANDCPRAIFIFARGTTEPGNMGITTGPILAGALEDNFRRDIWVQGVGGPYEASTAPNFLPRGSSEEAIGEAKRLFALAQSKCPNTAVVAGGYSQGAALIAAAVSDLRGATQEQVKGVVLFGYTKNRQNNGRIPNYPAERTKVFCNIGDAVCDGTLIITPSHFLYNIEARGEAARFLTARVGA
236,AEPKAQGTQKVESSTTKKEVKDAEETIKIPTLEDIDNLIDSAEEVKSEEDINKMPPLKFPVEFPEVNTRSIIGGNNYPIVLVHGFMGFGRDELLGYKYWGGVVDLQEKLNASGHETYTATVGPVSSNWDRACELYAYIVGGTVDYGEAHAKKFKHNRYGRTYPGIYKNISNENKIHLIGHSMGGQTIRTLTQLLSEGSEEEINCGQENISPLFEGGKHWIHSVSTISTPNDGTTLSDLMPAKDLISYTFGVLGTITGKNKLFSSIYDLKLDQWGLKKQNGESQRDYIERVLDSNIWNSTKDIATYDLSTEGAQELNTWVKAQPDVYYFSWTTQATKESILTGHSVAQIGPMNPIFYPTANLMGRYSRNQKDLPIIDKKWFPNDGVVNCISQDGPKLGSNDVIEQYNGGVKIGQWNAMPRIINTDHMDIVGTFGNVKDWYMDYASFLSNLSR
237,AEPKAQGTQKVESSTTKKEVKDAEETIKIPTLEDIDNLIDSAEEVKSEEDINKMPPLKFPVEFPEVNTRSIIGGNNYPIVLVHGFMGFGRDELLGYKYWGGVVDLQEKLNASGHETYTATVGPVSSNWDRACELYAYIVGGTVDYGEAHAKKFKHNRYGRTYPGIYKNISNENKIHLIGHSMGGQTIRTLTQLLSEGSEEEINCGQENISPLFEGGKHWIHSVSTISTPNDGTTLSDLMPAKDLISYTFGVLGTITGKNKLFSSIYDLKLDQWGLKKQNGESQRDYIERVLDSNIWNSTKDIATYDLSTEGAQELNTWVKAQPDVYYFSWTTQATKESILTGHSVAQIGPMNPIFYPTANLMGRYSRNQKDLPIIDKKWFPNDGVVNCISQDGPKLGSNDVIEQYNGGVKIGQWNAMPRIINTDHMDIVGTFGNVKDWYMDYASFLSNLSR
238,AEPKAQGTQKVESSTTKKEVKDAEETIKIPTLEDIDNLIDSAEEVKSEEDINKMPPLKFPVEFPEVNTRSIIGGNNYPIVLVHGFMGFGRDELLGYKYWGGVVDLQEKLNASGHETYTATVGPVSSNWDRACELYAYIVGGTVDYGEAHAKKFKHNRYGRTYPGIYKNISNENKIHLIGHSMGGQTIRTLTQLLSEGSEEEINCGQENISPLFEGGKHWIHSVSTISTPNDGTTLSDLMPAKDLISYTFGVLGTITGKNKLFSSIYDLKLDQWGLKKQNGESQRDYIERVLDSNIWNSTKDIATYDLSTEGAQELNTWVKAQPDVYYFSWTTQATKESILTGHSVAQIGPMNPIFYPTANLMGRYSRNQKDLPIIDKKWFPNDGVVNCISQDGPKLGSNDVIEQYNGGVKIGQWNAMPRIINTDHMDIVGTFGNVKDWYMDYASFLSNLSR
241,ADNPYQRGPDPTNASIEAATGPFAVGTQPIVGASGFGGGQIYYPTDTSQTYGAVVIVPGFISVWAQLNWLGPRLASQGFVVIGIETSVITDLPDPRGDQALAALDWATTRSPVASRIDRTRLAAAGWSMGGGGLRRAALQRPSLKAIVGMAPWNGERNWSAVTVPTLFFGGSSDAVASPNDHAKPFYNSITRAEKDYIELRNADHFFPTSANTTMAKYFISWLKRWVDNDTRYTQFLCPGPSTGLFAPVSASMNTCPF
242,QTNPYARGPNPTAASLEASAGPFTVRSFTVSRPSGYGAGTVYYPTNAGGTVGAIAIVPGYTARQSSIKWWGPRLASHGFVVITIDTNSTLDQPSSRSSQQMAALRQVASLNGTSSSPIYGKVDTARMGVMGWSMGGGGSLISAANNPSLKAAAPQAPWDSSTNFSSVTVPTLIFACENDSIAPVNSSALPIYDSMSRNAKQFLEINGGSHSCANSGNSNQALIGKKGVAWMKRFMDNDTRYSTFACENPNSTRVSDFRTANCS
243,QSNPYQRGPNPTRSALTADGPFSVATYTVSRLSVSGFGGGVIYYPTGTSLTFGGIAMSPGYTADASSLAWLGRRLASHGFVVLVINTNSRFDYPDSRASQLSAALNYLRTSSPSAVRARLDANRLAVAGHSMGGGGTLRIAEQNPSLKAAVPLTPWHTDKTFNTSVPVLIVGAEADTVAPVSQHAIPFYQNLPSTTPKVYVELDNASHFAPNSNNAAISVYTISWMKLWVDNDTRYRQFLCNVNDPALSDFRTNNRHCQ
